requestedUrl,finalUrl,category,name,title,type,score
"http://127.0.0.1:5500/dist/en/","http://127.0.0.1:5500/dist/en/","Performance","performance-score","Overall Performance Category Score","numeric","1"
"http://127.0.0.1:5500/dist/en/","http://127.0.0.1:5500/dist/en/","Performance","first-contentful-paint","First Contentful Paint","numeric","1"
"http://127.0.0.1:5500/dist/en/","http://127.0.0.1:5500/dist/en/","Performance","speed-index","Speed Index","numeric","1"
"http://127.0.0.1:5500/dist/en/","http://127.0.0.1:5500/dist/en/","Performance","largest-contentful-paint","Largest Contentful Paint","numeric","1"
"http://127.0.0.1:5500/dist/en/","http://127.0.0.1:5500/dist/en/","Performance","interactive","Time to Interactive","numeric","1"
"http://127.0.0.1:5500/dist/en/","http://127.0.0.1:5500/dist/en/","Performance","total-blocking-time","Total Blocking Time","numeric","1"
"http://127.0.0.1:5500/dist/en/","http://127.0.0.1:5500/dist/en/","Performance","cumulative-layout-shift","Cumulative Layout Shift","numeric","1"
"http://127.0.0.1:5500/dist/en/","http://127.0.0.1:5500/dist/en/","Performance","max-potential-fid","Max Potential First Input Delay","numeric","0.5"
"http://127.0.0.1:5500/dist/en/","http://127.0.0.1:5500/dist/en/","Performance","first-meaningful-paint","First Meaningful Paint","numeric","1"
"http://127.0.0.1:5500/dist/en/","http://127.0.0.1:5500/dist/en/","Performance","render-blocking-resources","Eliminate render-blocking resources","numeric","0.87"
"http://127.0.0.1:5500/dist/en/","http://127.0.0.1:5500/dist/en/","Performance","uses-responsive-images","Properly size images","numeric","1"
"http://127.0.0.1:5500/dist/en/","http://127.0.0.1:5500/dist/en/","Performance","offscreen-images","Defer offscreen images","numeric","1"
"http://127.0.0.1:5500/dist/en/","http://127.0.0.1:5500/dist/en/","Performance","unminified-css","Minify CSS","numeric","1"
"http://127.0.0.1:5500/dist/en/","http://127.0.0.1:5500/dist/en/","Performance","unminified-javascript","Minify JavaScript","numeric","1"
"http://127.0.0.1:5500/dist/en/","http://127.0.0.1:5500/dist/en/","Performance","unused-css-rules","Reduce unused CSS","numeric","1"
"http://127.0.0.1:5500/dist/en/","http://127.0.0.1:5500/dist/en/","Performance","unused-javascript","Reduce unused JavaScript","numeric","1"
"http://127.0.0.1:5500/dist/en/","http://127.0.0.1:5500/dist/en/","Performance","uses-optimized-images","Efficiently encode images","numeric","1"
"http://127.0.0.1:5500/dist/en/","http://127.0.0.1:5500/dist/en/","Performance","modern-image-formats","Serve images in next-gen formats","numeric","1"
"http://127.0.0.1:5500/dist/en/","http://127.0.0.1:5500/dist/en/","Performance","uses-text-compression","Enable text compression","numeric","1"
"http://127.0.0.1:5500/dist/en/","http://127.0.0.1:5500/dist/en/","Performance","uses-rel-preconnect","Preconnect to required origins","numeric","1"
"http://127.0.0.1:5500/dist/en/","http://127.0.0.1:5500/dist/en/","Performance","server-response-time","Initial server response time was short","binary","1"
"http://127.0.0.1:5500/dist/en/","http://127.0.0.1:5500/dist/en/","Performance","redirects","Avoid multiple page redirects","numeric","1"
"http://127.0.0.1:5500/dist/en/","http://127.0.0.1:5500/dist/en/","Performance","uses-rel-preload","Preload key requests","notApplicable","-1"
"http://127.0.0.1:5500/dist/en/","http://127.0.0.1:5500/dist/en/","Performance","uses-http2","Use HTTP/2","numeric","1"
"http://127.0.0.1:5500/dist/en/","http://127.0.0.1:5500/dist/en/","Performance","efficient-animated-content","Use video formats for animated content","numeric","1"
"http://127.0.0.1:5500/dist/en/","http://127.0.0.1:5500/dist/en/","Performance","duplicated-javascript","Remove duplicate modules in JavaScript bundles","numeric","1"
"http://127.0.0.1:5500/dist/en/","http://127.0.0.1:5500/dist/en/","Performance","legacy-javascript","Avoid serving legacy JavaScript to modern browsers","numeric","1"
"http://127.0.0.1:5500/dist/en/","http://127.0.0.1:5500/dist/en/","Performance","preload-lcp-image","Preload Largest Contentful Paint image","notApplicable","-1"
"http://127.0.0.1:5500/dist/en/","http://127.0.0.1:5500/dist/en/","Performance","total-byte-weight","Avoids enormous network payloads","numeric","1"
"http://127.0.0.1:5500/dist/en/","http://127.0.0.1:5500/dist/en/","Performance","dom-size","Avoids an excessive DOM size","numeric","1"
"http://127.0.0.1:5500/dist/en/","http://127.0.0.1:5500/dist/en/","Performance","critical-request-chains","Avoid chaining critical requests","informative","-1"
"http://127.0.0.1:5500/dist/en/","http://127.0.0.1:5500/dist/en/","Performance","user-timings","User Timing marks and measures","notApplicable","-1"
"http://127.0.0.1:5500/dist/en/","http://127.0.0.1:5500/dist/en/","Performance","bootup-time","JavaScript execution time","numeric","1"
"http://127.0.0.1:5500/dist/en/","http://127.0.0.1:5500/dist/en/","Performance","mainthread-work-breakdown","Minimizes main-thread work","numeric","1"
"http://127.0.0.1:5500/dist/en/","http://127.0.0.1:5500/dist/en/","Performance","font-display","All text remains visible during webfont loads","binary","1"
"http://127.0.0.1:5500/dist/en/","http://127.0.0.1:5500/dist/en/","Performance","performance-budget","Performance budget","notApplicable","-1"
"http://127.0.0.1:5500/dist/en/","http://127.0.0.1:5500/dist/en/","Performance","timing-budget","Timing budget","notApplicable","-1"
"http://127.0.0.1:5500/dist/en/","http://127.0.0.1:5500/dist/en/","Performance","resource-summary","Keep request counts low and transfer sizes small","informative","-1"
"http://127.0.0.1:5500/dist/en/","http://127.0.0.1:5500/dist/en/","Performance","third-party-summary","Minimize third-party usage","notApplicable","-1"
"http://127.0.0.1:5500/dist/en/","http://127.0.0.1:5500/dist/en/","Performance","third-party-facades","Lazy load third-party resources with facades","notApplicable","-1"
"http://127.0.0.1:5500/dist/en/","http://127.0.0.1:5500/dist/en/","Performance","largest-contentful-paint-element","Largest Contentful Paint element","informative","-1"
"http://127.0.0.1:5500/dist/en/","http://127.0.0.1:5500/dist/en/","Performance","lcp-lazy-loaded","Largest Contentful Paint image was not lazily loaded","notApplicable","-1"
"http://127.0.0.1:5500/dist/en/","http://127.0.0.1:5500/dist/en/","Performance","layout-shift-elements","Avoid large layout shifts","notApplicable","-1"
"http://127.0.0.1:5500/dist/en/","http://127.0.0.1:5500/dist/en/","Performance","uses-passive-event-listeners","Uses passive listeners to improve scrolling performance","binary","1"
"http://127.0.0.1:5500/dist/en/","http://127.0.0.1:5500/dist/en/","Performance","no-document-write","Avoids `document.write()`","binary","1"
"http://127.0.0.1:5500/dist/en/","http://127.0.0.1:5500/dist/en/","Performance","long-tasks","Avoid long main-thread tasks","informative","-1"
"http://127.0.0.1:5500/dist/en/","http://127.0.0.1:5500/dist/en/","Performance","non-composited-animations","Avoid non-composited animations","notApplicable","-1"
"http://127.0.0.1:5500/dist/en/","http://127.0.0.1:5500/dist/en/","Performance","viewport","Has a `<meta name=""viewport"">` tag with `width` or `initial-scale`","binary","1"
"http://127.0.0.1:5500/dist/en/","http://127.0.0.1:5500/dist/en/","Performance","network-requests","Network Requests","informative","-1"
"http://127.0.0.1:5500/dist/en/","http://127.0.0.1:5500/dist/en/","Performance","network-rtt","Network Round Trip Times","informative","-1"
"http://127.0.0.1:5500/dist/en/","http://127.0.0.1:5500/dist/en/","Performance","network-server-latency","Server Backend Latencies","informative","-1"
"http://127.0.0.1:5500/dist/en/","http://127.0.0.1:5500/dist/en/","Performance","main-thread-tasks","Tasks","informative","-1"
"http://127.0.0.1:5500/dist/en/","http://127.0.0.1:5500/dist/en/","Performance","diagnostics","Diagnostics","informative","-1"
"http://127.0.0.1:5500/dist/en/","http://127.0.0.1:5500/dist/en/","Performance","metrics","Metrics","informative","-1"
"http://127.0.0.1:5500/dist/en/","http://127.0.0.1:5500/dist/en/","Performance","screenshot-thumbnails","Screenshot Thumbnails","informative","-1"
"http://127.0.0.1:5500/dist/en/","http://127.0.0.1:5500/dist/en/","Performance","final-screenshot","Final Screenshot","informative","-1"
"http://127.0.0.1:5500/dist/en/","http://127.0.0.1:5500/dist/en/","Performance","script-treemap-data","Script Treemap Data","informative","-1"
"http://127.0.0.1:5500/dist/en/","http://127.0.0.1:5500/dist/en/","Accessibility","accessibility-score","Overall Accessibility Category Score","numeric","1"
"http://127.0.0.1:5500/dist/en/","http://127.0.0.1:5500/dist/en/","Accessibility","accesskeys","`[accesskey]` values are unique","notApplicable","-1"
"http://127.0.0.1:5500/dist/en/","http://127.0.0.1:5500/dist/en/","Accessibility","aria-allowed-attr","`[aria-*]` attributes match their roles","notApplicable","-1"
"http://127.0.0.1:5500/dist/en/","http://127.0.0.1:5500/dist/en/","Accessibility","aria-command-name","`button`, `link`, and `menuitem` elements have accessible names","notApplicable","-1"
"http://127.0.0.1:5500/dist/en/","http://127.0.0.1:5500/dist/en/","Accessibility","aria-hidden-body","`[aria-hidden=""true""]` is not present on the document `<body>`","binary","1"
"http://127.0.0.1:5500/dist/en/","http://127.0.0.1:5500/dist/en/","Accessibility","aria-hidden-focus","`[aria-hidden=""true""]` elements do not contain focusable descendents","notApplicable","-1"
"http://127.0.0.1:5500/dist/en/","http://127.0.0.1:5500/dist/en/","Accessibility","aria-input-field-name","ARIA input fields have accessible names","notApplicable","-1"
"http://127.0.0.1:5500/dist/en/","http://127.0.0.1:5500/dist/en/","Accessibility","aria-meter-name","ARIA `meter` elements have accessible names","notApplicable","-1"
"http://127.0.0.1:5500/dist/en/","http://127.0.0.1:5500/dist/en/","Accessibility","aria-progressbar-name","ARIA `progressbar` elements have accessible names","notApplicable","-1"
"http://127.0.0.1:5500/dist/en/","http://127.0.0.1:5500/dist/en/","Accessibility","aria-required-attr","`[role]`s have all required `[aria-*]` attributes","notApplicable","-1"
"http://127.0.0.1:5500/dist/en/","http://127.0.0.1:5500/dist/en/","Accessibility","aria-required-children","Elements with an ARIA `[role]` that require children to contain a specific `[role]` have all required children.","notApplicable","-1"
"http://127.0.0.1:5500/dist/en/","http://127.0.0.1:5500/dist/en/","Accessibility","aria-required-parent","`[role]`s are contained by their required parent element","notApplicable","-1"
"http://127.0.0.1:5500/dist/en/","http://127.0.0.1:5500/dist/en/","Accessibility","aria-roles","`[role]` values are valid","notApplicable","-1"
"http://127.0.0.1:5500/dist/en/","http://127.0.0.1:5500/dist/en/","Accessibility","aria-toggle-field-name","ARIA toggle fields have accessible names","notApplicable","-1"
"http://127.0.0.1:5500/dist/en/","http://127.0.0.1:5500/dist/en/","Accessibility","aria-tooltip-name","ARIA `tooltip` elements have accessible names","notApplicable","-1"
"http://127.0.0.1:5500/dist/en/","http://127.0.0.1:5500/dist/en/","Accessibility","aria-treeitem-name","ARIA `treeitem` elements have accessible names","notApplicable","-1"
"http://127.0.0.1:5500/dist/en/","http://127.0.0.1:5500/dist/en/","Accessibility","aria-valid-attr-value","`[aria-*]` attributes have valid values","notApplicable","-1"
"http://127.0.0.1:5500/dist/en/","http://127.0.0.1:5500/dist/en/","Accessibility","aria-valid-attr","`[aria-*]` attributes are valid and not misspelled","notApplicable","-1"
"http://127.0.0.1:5500/dist/en/","http://127.0.0.1:5500/dist/en/","Accessibility","button-name","Buttons have an accessible name","notApplicable","-1"
"http://127.0.0.1:5500/dist/en/","http://127.0.0.1:5500/dist/en/","Accessibility","bypass","The page contains a heading, skip link, or landmark region","notApplicable","-1"
"http://127.0.0.1:5500/dist/en/","http://127.0.0.1:5500/dist/en/","Accessibility","color-contrast","Background and foreground colors have a sufficient contrast ratio","binary","1"
"http://127.0.0.1:5500/dist/en/","http://127.0.0.1:5500/dist/en/","Accessibility","definition-list","`<dl>`'s contain only properly-ordered `<dt>` and `<dd>` groups, `<script>`, `<template>` or `<div>` elements.","notApplicable","-1"
"http://127.0.0.1:5500/dist/en/","http://127.0.0.1:5500/dist/en/","Accessibility","dlitem","Definition list items are wrapped in `<dl>` elements","notApplicable","-1"
"http://127.0.0.1:5500/dist/en/","http://127.0.0.1:5500/dist/en/","Accessibility","document-title","Document has a `<title>` element","binary","1"
"http://127.0.0.1:5500/dist/en/","http://127.0.0.1:5500/dist/en/","Accessibility","duplicate-id-active","`[id]` attributes on active, focusable elements are unique","notApplicable","-1"
"http://127.0.0.1:5500/dist/en/","http://127.0.0.1:5500/dist/en/","Accessibility","duplicate-id-aria","ARIA IDs are unique","notApplicable","-1"
"http://127.0.0.1:5500/dist/en/","http://127.0.0.1:5500/dist/en/","Accessibility","form-field-multiple-labels","No form fields have multiple labels","notApplicable","-1"
"http://127.0.0.1:5500/dist/en/","http://127.0.0.1:5500/dist/en/","Accessibility","frame-title","`<frame>` or `<iframe>` elements have a title","notApplicable","-1"
"http://127.0.0.1:5500/dist/en/","http://127.0.0.1:5500/dist/en/","Accessibility","heading-order","Heading elements appear in a sequentially-descending order","binary","1"
"http://127.0.0.1:5500/dist/en/","http://127.0.0.1:5500/dist/en/","Accessibility","html-has-lang","`<html>` element has a `[lang]` attribute","binary","1"
"http://127.0.0.1:5500/dist/en/","http://127.0.0.1:5500/dist/en/","Accessibility","html-lang-valid","`<html>` element has a valid value for its `[lang]` attribute","binary","1"
"http://127.0.0.1:5500/dist/en/","http://127.0.0.1:5500/dist/en/","Accessibility","image-alt","Image elements have `[alt]` attributes","notApplicable","-1"
"http://127.0.0.1:5500/dist/en/","http://127.0.0.1:5500/dist/en/","Accessibility","input-image-alt","`<input type=""image"">` elements have `[alt]` text","notApplicable","-1"
"http://127.0.0.1:5500/dist/en/","http://127.0.0.1:5500/dist/en/","Accessibility","label","Form elements have associated labels","notApplicable","-1"
"http://127.0.0.1:5500/dist/en/","http://127.0.0.1:5500/dist/en/","Accessibility","link-name","Links have a discernible name","notApplicable","-1"
"http://127.0.0.1:5500/dist/en/","http://127.0.0.1:5500/dist/en/","Accessibility","list","Lists contain only `<li>` elements and script supporting elements (`<script>` and `<template>`).","notApplicable","-1"
"http://127.0.0.1:5500/dist/en/","http://127.0.0.1:5500/dist/en/","Accessibility","listitem","List items (`<li>`) are contained within `<ul>` or `<ol>` parent elements","notApplicable","-1"
"http://127.0.0.1:5500/dist/en/","http://127.0.0.1:5500/dist/en/","Accessibility","meta-refresh","The document does not use `<meta http-equiv=""refresh"">`","notApplicable","-1"
"http://127.0.0.1:5500/dist/en/","http://127.0.0.1:5500/dist/en/","Accessibility","meta-viewport","`[user-scalable=""no""]` is not used in the `<meta name=""viewport"">` element and the `[maximum-scale]` attribute is not less than 5.","binary","1"
"http://127.0.0.1:5500/dist/en/","http://127.0.0.1:5500/dist/en/","Accessibility","object-alt","`<object>` elements have `[alt]` text","notApplicable","-1"
"http://127.0.0.1:5500/dist/en/","http://127.0.0.1:5500/dist/en/","Accessibility","tabindex","No element has a `[tabindex]` value greater than 0","notApplicable","-1"
"http://127.0.0.1:5500/dist/en/","http://127.0.0.1:5500/dist/en/","Accessibility","td-headers-attr","Cells in a `<table>` element that use the `[headers]` attribute refer to table cells within the same table.","notApplicable","-1"
"http://127.0.0.1:5500/dist/en/","http://127.0.0.1:5500/dist/en/","Accessibility","th-has-data-cells","`<th>` elements and elements with `[role=""columnheader""/""rowheader""]` have data cells they describe.","notApplicable","-1"
"http://127.0.0.1:5500/dist/en/","http://127.0.0.1:5500/dist/en/","Accessibility","valid-lang","`[lang]` attributes have a valid value","notApplicable","-1"
"http://127.0.0.1:5500/dist/en/","http://127.0.0.1:5500/dist/en/","Accessibility","video-caption","`<video>` elements contain a `<track>` element with `[kind=""captions""]`","notApplicable","-1"
"http://127.0.0.1:5500/dist/en/","http://127.0.0.1:5500/dist/en/","Accessibility","logical-tab-order","The page has a logical tab order","manual","-1"
"http://127.0.0.1:5500/dist/en/","http://127.0.0.1:5500/dist/en/","Accessibility","focusable-controls","Interactive controls are keyboard focusable","manual","-1"
"http://127.0.0.1:5500/dist/en/","http://127.0.0.1:5500/dist/en/","Accessibility","interactive-element-affordance","Interactive elements indicate their purpose and state","manual","-1"
"http://127.0.0.1:5500/dist/en/","http://127.0.0.1:5500/dist/en/","Accessibility","managed-focus","The user's focus is directed to new content added to the page","manual","-1"
"http://127.0.0.1:5500/dist/en/","http://127.0.0.1:5500/dist/en/","Accessibility","focus-traps","User focus is not accidentally trapped in a region","manual","-1"
"http://127.0.0.1:5500/dist/en/","http://127.0.0.1:5500/dist/en/","Accessibility","custom-controls-labels","Custom controls have associated labels","manual","-1"
"http://127.0.0.1:5500/dist/en/","http://127.0.0.1:5500/dist/en/","Accessibility","custom-controls-roles","Custom controls have ARIA roles","manual","-1"
"http://127.0.0.1:5500/dist/en/","http://127.0.0.1:5500/dist/en/","Accessibility","visual-order-follows-dom","Visual order on the page follows DOM order","manual","-1"
"http://127.0.0.1:5500/dist/en/","http://127.0.0.1:5500/dist/en/","Accessibility","offscreen-content-hidden","Offscreen content is hidden from assistive technology","manual","-1"
"http://127.0.0.1:5500/dist/en/","http://127.0.0.1:5500/dist/en/","Accessibility","use-landmarks","HTML5 landmark elements are used to improve navigation","manual","-1"
"http://127.0.0.1:5500/dist/en/","http://127.0.0.1:5500/dist/en/","Best Practices","best-practices-score","Overall Best Practices Category Score","numeric","1"
"http://127.0.0.1:5500/dist/en/","http://127.0.0.1:5500/dist/en/","Best Practices","is-on-https","Uses HTTPS","binary","1"
"http://127.0.0.1:5500/dist/en/","http://127.0.0.1:5500/dist/en/","Best Practices","external-anchors-use-rel-noopener","Links to cross-origin destinations are safe","binary","1"
"http://127.0.0.1:5500/dist/en/","http://127.0.0.1:5500/dist/en/","Best Practices","geolocation-on-start","Avoids requesting the geolocation permission on page load","binary","1"
"http://127.0.0.1:5500/dist/en/","http://127.0.0.1:5500/dist/en/","Best Practices","notification-on-start","Avoids requesting the notification permission on page load","binary","1"
"http://127.0.0.1:5500/dist/en/","http://127.0.0.1:5500/dist/en/","Best Practices","no-vulnerable-libraries","Avoids front-end JavaScript libraries with known security vulnerabilities","binary","1"
"http://127.0.0.1:5500/dist/en/","http://127.0.0.1:5500/dist/en/","Best Practices","csp-xss","Ensure CSP is effective against XSS attacks","informative","-1"
"http://127.0.0.1:5500/dist/en/","http://127.0.0.1:5500/dist/en/","Best Practices","password-inputs-can-be-pasted-into","Allows users to paste into password fields","binary","1"
"http://127.0.0.1:5500/dist/en/","http://127.0.0.1:5500/dist/en/","Best Practices","image-aspect-ratio","Displays images with correct aspect ratio","binary","1"
"http://127.0.0.1:5500/dist/en/","http://127.0.0.1:5500/dist/en/","Best Practices","image-size-responsive","Serves images with appropriate resolution","binary","1"
"http://127.0.0.1:5500/dist/en/","http://127.0.0.1:5500/dist/en/","Best Practices","preload-fonts","Fonts with `font-display: optional` are preloaded","notApplicable","-1"
"http://127.0.0.1:5500/dist/en/","http://127.0.0.1:5500/dist/en/","Best Practices","doctype","Page has the HTML doctype","binary","1"
"http://127.0.0.1:5500/dist/en/","http://127.0.0.1:5500/dist/en/","Best Practices","charset","Properly defines charset","binary","1"
"http://127.0.0.1:5500/dist/en/","http://127.0.0.1:5500/dist/en/","Best Practices","appcache-manifest","Avoids Application Cache","binary","1"
"http://127.0.0.1:5500/dist/en/","http://127.0.0.1:5500/dist/en/","Best Practices","js-libraries","Detected JavaScript libraries","notApplicable","-1"
"http://127.0.0.1:5500/dist/en/","http://127.0.0.1:5500/dist/en/","Best Practices","deprecations","Avoids deprecated APIs","binary","1"
"http://127.0.0.1:5500/dist/en/","http://127.0.0.1:5500/dist/en/","Best Practices","valid-source-maps","Page has valid source maps","binary","1"
"http://127.0.0.1:5500/dist/en/","http://127.0.0.1:5500/dist/en/","Best Practices","inspector-issues","No issues in the `Issues` panel in Chrome Devtools","binary","1"
"http://127.0.0.1:5500/dist/en/","http://127.0.0.1:5500/dist/en/","SEO","seo-score","Overall SEO Category Score","numeric","0.91"
"http://127.0.0.1:5500/dist/en/","http://127.0.0.1:5500/dist/en/","SEO","viewport","Has a `<meta name=""viewport"">` tag with `width` or `initial-scale`","binary","1"
"http://127.0.0.1:5500/dist/en/","http://127.0.0.1:5500/dist/en/","SEO","document-title","Document has a `<title>` element","binary","1"
"http://127.0.0.1:5500/dist/en/","http://127.0.0.1:5500/dist/en/","SEO","meta-description","Document does not have a meta description","binary","0"
"http://127.0.0.1:5500/dist/en/","http://127.0.0.1:5500/dist/en/","SEO","http-status-code","Page has successful HTTP status code","binary","1"
"http://127.0.0.1:5500/dist/en/","http://127.0.0.1:5500/dist/en/","SEO","link-text","Links have descriptive text","binary","1"
"http://127.0.0.1:5500/dist/en/","http://127.0.0.1:5500/dist/en/","SEO","crawlable-anchors","Links are crawlable","binary","1"
"http://127.0.0.1:5500/dist/en/","http://127.0.0.1:5500/dist/en/","SEO","is-crawlable","Page isn’t blocked from indexing","binary","1"
"http://127.0.0.1:5500/dist/en/","http://127.0.0.1:5500/dist/en/","SEO","robots-txt","robots.txt is valid","notApplicable","-1"
"http://127.0.0.1:5500/dist/en/","http://127.0.0.1:5500/dist/en/","SEO","image-alt","Image elements have `[alt]` attributes","notApplicable","-1"
"http://127.0.0.1:5500/dist/en/","http://127.0.0.1:5500/dist/en/","SEO","hreflang","Document has a valid `hreflang`","binary","1"
"http://127.0.0.1:5500/dist/en/","http://127.0.0.1:5500/dist/en/","SEO","canonical","Document has a valid `rel=canonical`","notApplicable","-1"
"http://127.0.0.1:5500/dist/en/","http://127.0.0.1:5500/dist/en/","SEO","font-size","Document uses legible font sizes","binary","1"
"http://127.0.0.1:5500/dist/en/","http://127.0.0.1:5500/dist/en/","SEO","plugins","Document avoids plugins","binary","1"
"http://127.0.0.1:5500/dist/en/","http://127.0.0.1:5500/dist/en/","SEO","tap-targets","Tap targets are sized appropriately","binary","1"
"http://127.0.0.1:5500/dist/en/","http://127.0.0.1:5500/dist/en/","SEO","structured-data","Structured data is valid","manual","-1"requestedUrl,finalUrl,category,name,title,type,score
"http://127.0.0.1:5500/dist/es/","http://127.0.0.1:5500/dist/es/","Performance","performance-score","Overall Performance Category Score","numeric","1"
"http://127.0.0.1:5500/dist/es/","http://127.0.0.1:5500/dist/es/","Performance","first-contentful-paint","First Contentful Paint","numeric","1"
"http://127.0.0.1:5500/dist/es/","http://127.0.0.1:5500/dist/es/","Performance","speed-index","Speed Index","numeric","1"
"http://127.0.0.1:5500/dist/es/","http://127.0.0.1:5500/dist/es/","Performance","largest-contentful-paint","Largest Contentful Paint","numeric","1"
"http://127.0.0.1:5500/dist/es/","http://127.0.0.1:5500/dist/es/","Performance","interactive","Time to Interactive","numeric","1"
"http://127.0.0.1:5500/dist/es/","http://127.0.0.1:5500/dist/es/","Performance","total-blocking-time","Total Blocking Time","numeric","1"
"http://127.0.0.1:5500/dist/es/","http://127.0.0.1:5500/dist/es/","Performance","cumulative-layout-shift","Cumulative Layout Shift","numeric","1"
"http://127.0.0.1:5500/dist/es/","http://127.0.0.1:5500/dist/es/","Performance","max-potential-fid","Max Potential First Input Delay","numeric","1"
"http://127.0.0.1:5500/dist/es/","http://127.0.0.1:5500/dist/es/","Performance","first-meaningful-paint","First Meaningful Paint","numeric","1"
"http://127.0.0.1:5500/dist/es/","http://127.0.0.1:5500/dist/es/","Performance","render-blocking-resources","Eliminate render-blocking resources","numeric","0.89"
"http://127.0.0.1:5500/dist/es/","http://127.0.0.1:5500/dist/es/","Performance","uses-responsive-images","Properly size images","numeric","1"
"http://127.0.0.1:5500/dist/es/","http://127.0.0.1:5500/dist/es/","Performance","offscreen-images","Defer offscreen images","numeric","1"
"http://127.0.0.1:5500/dist/es/","http://127.0.0.1:5500/dist/es/","Performance","unminified-css","Minify CSS","numeric","1"
"http://127.0.0.1:5500/dist/es/","http://127.0.0.1:5500/dist/es/","Performance","unminified-javascript","Minify JavaScript","numeric","1"
"http://127.0.0.1:5500/dist/es/","http://127.0.0.1:5500/dist/es/","Performance","unused-css-rules","Reduce unused CSS","numeric","1"
"http://127.0.0.1:5500/dist/es/","http://127.0.0.1:5500/dist/es/","Performance","unused-javascript","Reduce unused JavaScript","numeric","1"
"http://127.0.0.1:5500/dist/es/","http://127.0.0.1:5500/dist/es/","Performance","uses-optimized-images","Efficiently encode images","numeric","1"
"http://127.0.0.1:5500/dist/es/","http://127.0.0.1:5500/dist/es/","Performance","modern-image-formats","Serve images in next-gen formats","numeric","1"
"http://127.0.0.1:5500/dist/es/","http://127.0.0.1:5500/dist/es/","Performance","uses-text-compression","Enable text compression","numeric","1"
"http://127.0.0.1:5500/dist/es/","http://127.0.0.1:5500/dist/es/","Performance","uses-rel-preconnect","Preconnect to required origins","numeric","1"
"http://127.0.0.1:5500/dist/es/","http://127.0.0.1:5500/dist/es/","Performance","server-response-time","Initial server response time was short","binary","1"
"http://127.0.0.1:5500/dist/es/","http://127.0.0.1:5500/dist/es/","Performance","redirects","Avoid multiple page redirects","numeric","1"
"http://127.0.0.1:5500/dist/es/","http://127.0.0.1:5500/dist/es/","Performance","uses-rel-preload","Preload key requests","notApplicable","-1"
"http://127.0.0.1:5500/dist/es/","http://127.0.0.1:5500/dist/es/","Performance","uses-http2","Use HTTP/2","numeric","1"
"http://127.0.0.1:5500/dist/es/","http://127.0.0.1:5500/dist/es/","Performance","efficient-animated-content","Use video formats for animated content","numeric","1"
"http://127.0.0.1:5500/dist/es/","http://127.0.0.1:5500/dist/es/","Performance","duplicated-javascript","Remove duplicate modules in JavaScript bundles","numeric","1"
"http://127.0.0.1:5500/dist/es/","http://127.0.0.1:5500/dist/es/","Performance","legacy-javascript","Avoid serving legacy JavaScript to modern browsers","numeric","1"
"http://127.0.0.1:5500/dist/es/","http://127.0.0.1:5500/dist/es/","Performance","preload-lcp-image","Preload Largest Contentful Paint image","notApplicable","-1"
"http://127.0.0.1:5500/dist/es/","http://127.0.0.1:5500/dist/es/","Performance","total-byte-weight","Avoids enormous network payloads","numeric","1"
"http://127.0.0.1:5500/dist/es/","http://127.0.0.1:5500/dist/es/","Performance","dom-size","Avoids an excessive DOM size","numeric","1"
"http://127.0.0.1:5500/dist/es/","http://127.0.0.1:5500/dist/es/","Performance","critical-request-chains","Avoid chaining critical requests","informative","-1"
"http://127.0.0.1:5500/dist/es/","http://127.0.0.1:5500/dist/es/","Performance","user-timings","User Timing marks and measures","notApplicable","-1"
"http://127.0.0.1:5500/dist/es/","http://127.0.0.1:5500/dist/es/","Performance","bootup-time","JavaScript execution time","numeric","1"
"http://127.0.0.1:5500/dist/es/","http://127.0.0.1:5500/dist/es/","Performance","mainthread-work-breakdown","Minimizes main-thread work","numeric","1"
"http://127.0.0.1:5500/dist/es/","http://127.0.0.1:5500/dist/es/","Performance","font-display","All text remains visible during webfont loads","binary","1"
"http://127.0.0.1:5500/dist/es/","http://127.0.0.1:5500/dist/es/","Performance","performance-budget","Performance budget","notApplicable","-1"
"http://127.0.0.1:5500/dist/es/","http://127.0.0.1:5500/dist/es/","Performance","timing-budget","Timing budget","notApplicable","-1"
"http://127.0.0.1:5500/dist/es/","http://127.0.0.1:5500/dist/es/","Performance","resource-summary","Keep request counts low and transfer sizes small","informative","-1"
"http://127.0.0.1:5500/dist/es/","http://127.0.0.1:5500/dist/es/","Performance","third-party-summary","Minimize third-party usage","notApplicable","-1"
"http://127.0.0.1:5500/dist/es/","http://127.0.0.1:5500/dist/es/","Performance","third-party-facades","Lazy load third-party resources with facades","notApplicable","-1"
"http://127.0.0.1:5500/dist/es/","http://127.0.0.1:5500/dist/es/","Performance","largest-contentful-paint-element","Largest Contentful Paint element","informative","-1"
"http://127.0.0.1:5500/dist/es/","http://127.0.0.1:5500/dist/es/","Performance","lcp-lazy-loaded","Largest Contentful Paint image was not lazily loaded","notApplicable","-1"
"http://127.0.0.1:5500/dist/es/","http://127.0.0.1:5500/dist/es/","Performance","layout-shift-elements","Avoid large layout shifts","notApplicable","-1"
"http://127.0.0.1:5500/dist/es/","http://127.0.0.1:5500/dist/es/","Performance","uses-passive-event-listeners","Uses passive listeners to improve scrolling performance","binary","1"
"http://127.0.0.1:5500/dist/es/","http://127.0.0.1:5500/dist/es/","Performance","no-document-write","Avoids `document.write()`","binary","1"
"http://127.0.0.1:5500/dist/es/","http://127.0.0.1:5500/dist/es/","Performance","long-tasks","Avoid long main-thread tasks","notApplicable","-1"
"http://127.0.0.1:5500/dist/es/","http://127.0.0.1:5500/dist/es/","Performance","non-composited-animations","Avoid non-composited animations","notApplicable","-1"
"http://127.0.0.1:5500/dist/es/","http://127.0.0.1:5500/dist/es/","Performance","viewport","Has a `<meta name=""viewport"">` tag with `width` or `initial-scale`","binary","1"
"http://127.0.0.1:5500/dist/es/","http://127.0.0.1:5500/dist/es/","Performance","network-requests","Network Requests","informative","-1"
"http://127.0.0.1:5500/dist/es/","http://127.0.0.1:5500/dist/es/","Performance","network-rtt","Network Round Trip Times","informative","-1"
"http://127.0.0.1:5500/dist/es/","http://127.0.0.1:5500/dist/es/","Performance","network-server-latency","Server Backend Latencies","informative","-1"
"http://127.0.0.1:5500/dist/es/","http://127.0.0.1:5500/dist/es/","Performance","main-thread-tasks","Tasks","informative","-1"
"http://127.0.0.1:5500/dist/es/","http://127.0.0.1:5500/dist/es/","Performance","diagnostics","Diagnostics","informative","-1"
"http://127.0.0.1:5500/dist/es/","http://127.0.0.1:5500/dist/es/","Performance","metrics","Metrics","informative","-1"
"http://127.0.0.1:5500/dist/es/","http://127.0.0.1:5500/dist/es/","Performance","screenshot-thumbnails","Screenshot Thumbnails","informative","-1"
"http://127.0.0.1:5500/dist/es/","http://127.0.0.1:5500/dist/es/","Performance","final-screenshot","Final Screenshot","informative","-1"
"http://127.0.0.1:5500/dist/es/","http://127.0.0.1:5500/dist/es/","Performance","script-treemap-data","Script Treemap Data","informative","-1"
"http://127.0.0.1:5500/dist/es/","http://127.0.0.1:5500/dist/es/","Accessibility","accessibility-score","Overall Accessibility Category Score","numeric","1"
"http://127.0.0.1:5500/dist/es/","http://127.0.0.1:5500/dist/es/","Accessibility","accesskeys","`[accesskey]` values are unique","notApplicable","-1"
"http://127.0.0.1:5500/dist/es/","http://127.0.0.1:5500/dist/es/","Accessibility","aria-allowed-attr","`[aria-*]` attributes match their roles","notApplicable","-1"
"http://127.0.0.1:5500/dist/es/","http://127.0.0.1:5500/dist/es/","Accessibility","aria-command-name","`button`, `link`, and `menuitem` elements have accessible names","notApplicable","-1"
"http://127.0.0.1:5500/dist/es/","http://127.0.0.1:5500/dist/es/","Accessibility","aria-hidden-body","`[aria-hidden=""true""]` is not present on the document `<body>`","binary","1"
"http://127.0.0.1:5500/dist/es/","http://127.0.0.1:5500/dist/es/","Accessibility","aria-hidden-focus","`[aria-hidden=""true""]` elements do not contain focusable descendents","notApplicable","-1"
"http://127.0.0.1:5500/dist/es/","http://127.0.0.1:5500/dist/es/","Accessibility","aria-input-field-name","ARIA input fields have accessible names","notApplicable","-1"
"http://127.0.0.1:5500/dist/es/","http://127.0.0.1:5500/dist/es/","Accessibility","aria-meter-name","ARIA `meter` elements have accessible names","notApplicable","-1"
"http://127.0.0.1:5500/dist/es/","http://127.0.0.1:5500/dist/es/","Accessibility","aria-progressbar-name","ARIA `progressbar` elements have accessible names","notApplicable","-1"
"http://127.0.0.1:5500/dist/es/","http://127.0.0.1:5500/dist/es/","Accessibility","aria-required-attr","`[role]`s have all required `[aria-*]` attributes","notApplicable","-1"
"http://127.0.0.1:5500/dist/es/","http://127.0.0.1:5500/dist/es/","Accessibility","aria-required-children","Elements with an ARIA `[role]` that require children to contain a specific `[role]` have all required children.","notApplicable","-1"
"http://127.0.0.1:5500/dist/es/","http://127.0.0.1:5500/dist/es/","Accessibility","aria-required-parent","`[role]`s are contained by their required parent element","notApplicable","-1"
"http://127.0.0.1:5500/dist/es/","http://127.0.0.1:5500/dist/es/","Accessibility","aria-roles","`[role]` values are valid","notApplicable","-1"
"http://127.0.0.1:5500/dist/es/","http://127.0.0.1:5500/dist/es/","Accessibility","aria-toggle-field-name","ARIA toggle fields have accessible names","notApplicable","-1"
"http://127.0.0.1:5500/dist/es/","http://127.0.0.1:5500/dist/es/","Accessibility","aria-tooltip-name","ARIA `tooltip` elements have accessible names","notApplicable","-1"
"http://127.0.0.1:5500/dist/es/","http://127.0.0.1:5500/dist/es/","Accessibility","aria-treeitem-name","ARIA `treeitem` elements have accessible names","notApplicable","-1"
"http://127.0.0.1:5500/dist/es/","http://127.0.0.1:5500/dist/es/","Accessibility","aria-valid-attr-value","`[aria-*]` attributes have valid values","notApplicable","-1"
"http://127.0.0.1:5500/dist/es/","http://127.0.0.1:5500/dist/es/","Accessibility","aria-valid-attr","`[aria-*]` attributes are valid and not misspelled","notApplicable","-1"
"http://127.0.0.1:5500/dist/es/","http://127.0.0.1:5500/dist/es/","Accessibility","button-name","Buttons have an accessible name","notApplicable","-1"
"http://127.0.0.1:5500/dist/es/","http://127.0.0.1:5500/dist/es/","Accessibility","bypass","The page contains a heading, skip link, or landmark region","notApplicable","-1"
"http://127.0.0.1:5500/dist/es/","http://127.0.0.1:5500/dist/es/","Accessibility","color-contrast","Background and foreground colors have a sufficient contrast ratio","binary","1"
"http://127.0.0.1:5500/dist/es/","http://127.0.0.1:5500/dist/es/","Accessibility","definition-list","`<dl>`'s contain only properly-ordered `<dt>` and `<dd>` groups, `<script>`, `<template>` or `<div>` elements.","notApplicable","-1"
"http://127.0.0.1:5500/dist/es/","http://127.0.0.1:5500/dist/es/","Accessibility","dlitem","Definition list items are wrapped in `<dl>` elements","notApplicable","-1"
"http://127.0.0.1:5500/dist/es/","http://127.0.0.1:5500/dist/es/","Accessibility","document-title","Document has a `<title>` element","binary","1"
"http://127.0.0.1:5500/dist/es/","http://127.0.0.1:5500/dist/es/","Accessibility","duplicate-id-active","`[id]` attributes on active, focusable elements are unique","notApplicable","-1"
"http://127.0.0.1:5500/dist/es/","http://127.0.0.1:5500/dist/es/","Accessibility","duplicate-id-aria","ARIA IDs are unique","notApplicable","-1"
"http://127.0.0.1:5500/dist/es/","http://127.0.0.1:5500/dist/es/","Accessibility","form-field-multiple-labels","No form fields have multiple labels","notApplicable","-1"
"http://127.0.0.1:5500/dist/es/","http://127.0.0.1:5500/dist/es/","Accessibility","frame-title","`<frame>` or `<iframe>` elements have a title","notApplicable","-1"
"http://127.0.0.1:5500/dist/es/","http://127.0.0.1:5500/dist/es/","Accessibility","heading-order","Heading elements appear in a sequentially-descending order","binary","1"
"http://127.0.0.1:5500/dist/es/","http://127.0.0.1:5500/dist/es/","Accessibility","html-has-lang","`<html>` element has a `[lang]` attribute","binary","1"
"http://127.0.0.1:5500/dist/es/","http://127.0.0.1:5500/dist/es/","Accessibility","html-lang-valid","`<html>` element has a valid value for its `[lang]` attribute","binary","1"
"http://127.0.0.1:5500/dist/es/","http://127.0.0.1:5500/dist/es/","Accessibility","image-alt","Image elements have `[alt]` attributes","notApplicable","-1"
"http://127.0.0.1:5500/dist/es/","http://127.0.0.1:5500/dist/es/","Accessibility","input-image-alt","`<input type=""image"">` elements have `[alt]` text","notApplicable","-1"
"http://127.0.0.1:5500/dist/es/","http://127.0.0.1:5500/dist/es/","Accessibility","label","Form elements have associated labels","notApplicable","-1"
"http://127.0.0.1:5500/dist/es/","http://127.0.0.1:5500/dist/es/","Accessibility","link-name","Links have a discernible name","notApplicable","-1"
"http://127.0.0.1:5500/dist/es/","http://127.0.0.1:5500/dist/es/","Accessibility","list","Lists contain only `<li>` elements and script supporting elements (`<script>` and `<template>`).","notApplicable","-1"
"http://127.0.0.1:5500/dist/es/","http://127.0.0.1:5500/dist/es/","Accessibility","listitem","List items (`<li>`) are contained within `<ul>` or `<ol>` parent elements","notApplicable","-1"
"http://127.0.0.1:5500/dist/es/","http://127.0.0.1:5500/dist/es/","Accessibility","meta-refresh","The document does not use `<meta http-equiv=""refresh"">`","notApplicable","-1"
"http://127.0.0.1:5500/dist/es/","http://127.0.0.1:5500/dist/es/","Accessibility","meta-viewport","`[user-scalable=""no""]` is not used in the `<meta name=""viewport"">` element and the `[maximum-scale]` attribute is not less than 5.","binary","1"
"http://127.0.0.1:5500/dist/es/","http://127.0.0.1:5500/dist/es/","Accessibility","object-alt","`<object>` elements have `[alt]` text","notApplicable","-1"
"http://127.0.0.1:5500/dist/es/","http://127.0.0.1:5500/dist/es/","Accessibility","tabindex","No element has a `[tabindex]` value greater than 0","notApplicable","-1"
"http://127.0.0.1:5500/dist/es/","http://127.0.0.1:5500/dist/es/","Accessibility","td-headers-attr","Cells in a `<table>` element that use the `[headers]` attribute refer to table cells within the same table.","notApplicable","-1"
"http://127.0.0.1:5500/dist/es/","http://127.0.0.1:5500/dist/es/","Accessibility","th-has-data-cells","`<th>` elements and elements with `[role=""columnheader""/""rowheader""]` have data cells they describe.","notApplicable","-1"
"http://127.0.0.1:5500/dist/es/","http://127.0.0.1:5500/dist/es/","Accessibility","valid-lang","`[lang]` attributes have a valid value","notApplicable","-1"
"http://127.0.0.1:5500/dist/es/","http://127.0.0.1:5500/dist/es/","Accessibility","video-caption","`<video>` elements contain a `<track>` element with `[kind=""captions""]`","notApplicable","-1"
"http://127.0.0.1:5500/dist/es/","http://127.0.0.1:5500/dist/es/","Accessibility","logical-tab-order","The page has a logical tab order","manual","-1"
"http://127.0.0.1:5500/dist/es/","http://127.0.0.1:5500/dist/es/","Accessibility","focusable-controls","Interactive controls are keyboard focusable","manual","-1"
"http://127.0.0.1:5500/dist/es/","http://127.0.0.1:5500/dist/es/","Accessibility","interactive-element-affordance","Interactive elements indicate their purpose and state","manual","-1"
"http://127.0.0.1:5500/dist/es/","http://127.0.0.1:5500/dist/es/","Accessibility","managed-focus","The user's focus is directed to new content added to the page","manual","-1"
"http://127.0.0.1:5500/dist/es/","http://127.0.0.1:5500/dist/es/","Accessibility","focus-traps","User focus is not accidentally trapped in a region","manual","-1"
"http://127.0.0.1:5500/dist/es/","http://127.0.0.1:5500/dist/es/","Accessibility","custom-controls-labels","Custom controls have associated labels","manual","-1"
"http://127.0.0.1:5500/dist/es/","http://127.0.0.1:5500/dist/es/","Accessibility","custom-controls-roles","Custom controls have ARIA roles","manual","-1"
"http://127.0.0.1:5500/dist/es/","http://127.0.0.1:5500/dist/es/","Accessibility","visual-order-follows-dom","Visual order on the page follows DOM order","manual","-1"
"http://127.0.0.1:5500/dist/es/","http://127.0.0.1:5500/dist/es/","Accessibility","offscreen-content-hidden","Offscreen content is hidden from assistive technology","manual","-1"
"http://127.0.0.1:5500/dist/es/","http://127.0.0.1:5500/dist/es/","Accessibility","use-landmarks","HTML5 landmark elements are used to improve navigation","manual","-1"
"http://127.0.0.1:5500/dist/es/","http://127.0.0.1:5500/dist/es/","Best Practices","best-practices-score","Overall Best Practices Category Score","numeric","1"
"http://127.0.0.1:5500/dist/es/","http://127.0.0.1:5500/dist/es/","Best Practices","is-on-https","Uses HTTPS","binary","1"
"http://127.0.0.1:5500/dist/es/","http://127.0.0.1:5500/dist/es/","Best Practices","external-anchors-use-rel-noopener","Links to cross-origin destinations are safe","binary","1"
"http://127.0.0.1:5500/dist/es/","http://127.0.0.1:5500/dist/es/","Best Practices","geolocation-on-start","Avoids requesting the geolocation permission on page load","binary","1"
"http://127.0.0.1:5500/dist/es/","http://127.0.0.1:5500/dist/es/","Best Practices","notification-on-start","Avoids requesting the notification permission on page load","binary","1"
"http://127.0.0.1:5500/dist/es/","http://127.0.0.1:5500/dist/es/","Best Practices","no-vulnerable-libraries","Avoids front-end JavaScript libraries with known security vulnerabilities","binary","1"
"http://127.0.0.1:5500/dist/es/","http://127.0.0.1:5500/dist/es/","Best Practices","csp-xss","Ensure CSP is effective against XSS attacks","informative","-1"
"http://127.0.0.1:5500/dist/es/","http://127.0.0.1:5500/dist/es/","Best Practices","password-inputs-can-be-pasted-into","Allows users to paste into password fields","binary","1"
"http://127.0.0.1:5500/dist/es/","http://127.0.0.1:5500/dist/es/","Best Practices","image-aspect-ratio","Displays images with correct aspect ratio","binary","1"
"http://127.0.0.1:5500/dist/es/","http://127.0.0.1:5500/dist/es/","Best Practices","image-size-responsive","Serves images with appropriate resolution","binary","1"
"http://127.0.0.1:5500/dist/es/","http://127.0.0.1:5500/dist/es/","Best Practices","preload-fonts","Fonts with `font-display: optional` are preloaded","notApplicable","-1"
"http://127.0.0.1:5500/dist/es/","http://127.0.0.1:5500/dist/es/","Best Practices","doctype","Page has the HTML doctype","binary","1"
"http://127.0.0.1:5500/dist/es/","http://127.0.0.1:5500/dist/es/","Best Practices","charset","Properly defines charset","binary","1"
"http://127.0.0.1:5500/dist/es/","http://127.0.0.1:5500/dist/es/","Best Practices","appcache-manifest","Avoids Application Cache","binary","1"
"http://127.0.0.1:5500/dist/es/","http://127.0.0.1:5500/dist/es/","Best Practices","js-libraries","Detected JavaScript libraries","notApplicable","-1"
"http://127.0.0.1:5500/dist/es/","http://127.0.0.1:5500/dist/es/","Best Practices","deprecations","Avoids deprecated APIs","binary","1"
"http://127.0.0.1:5500/dist/es/","http://127.0.0.1:5500/dist/es/","Best Practices","valid-source-maps","Page has valid source maps","binary","1"
"http://127.0.0.1:5500/dist/es/","http://127.0.0.1:5500/dist/es/","Best Practices","inspector-issues","No issues in the `Issues` panel in Chrome Devtools","binary","1"
"http://127.0.0.1:5500/dist/es/","http://127.0.0.1:5500/dist/es/","SEO","seo-score","Overall SEO Category Score","numeric","0.91"
"http://127.0.0.1:5500/dist/es/","http://127.0.0.1:5500/dist/es/","SEO","viewport","Has a `<meta name=""viewport"">` tag with `width` or `initial-scale`","binary","1"
"http://127.0.0.1:5500/dist/es/","http://127.0.0.1:5500/dist/es/","SEO","document-title","Document has a `<title>` element","binary","1"
"http://127.0.0.1:5500/dist/es/","http://127.0.0.1:5500/dist/es/","SEO","meta-description","Document does not have a meta description","binary","0"
"http://127.0.0.1:5500/dist/es/","http://127.0.0.1:5500/dist/es/","SEO","http-status-code","Page has successful HTTP status code","binary","1"
"http://127.0.0.1:5500/dist/es/","http://127.0.0.1:5500/dist/es/","SEO","link-text","Links have descriptive text","binary","1"
"http://127.0.0.1:5500/dist/es/","http://127.0.0.1:5500/dist/es/","SEO","crawlable-anchors","Links are crawlable","binary","1"
"http://127.0.0.1:5500/dist/es/","http://127.0.0.1:5500/dist/es/","SEO","is-crawlable","Page isn’t blocked from indexing","binary","1"
"http://127.0.0.1:5500/dist/es/","http://127.0.0.1:5500/dist/es/","SEO","robots-txt","robots.txt is valid","notApplicable","-1"
"http://127.0.0.1:5500/dist/es/","http://127.0.0.1:5500/dist/es/","SEO","image-alt","Image elements have `[alt]` attributes","notApplicable","-1"
"http://127.0.0.1:5500/dist/es/","http://127.0.0.1:5500/dist/es/","SEO","hreflang","Document has a valid `hreflang`","binary","1"
"http://127.0.0.1:5500/dist/es/","http://127.0.0.1:5500/dist/es/","SEO","canonical","Document has a valid `rel=canonical`","notApplicable","-1"
"http://127.0.0.1:5500/dist/es/","http://127.0.0.1:5500/dist/es/","SEO","font-size","Document uses legible font sizes","binary","1"
"http://127.0.0.1:5500/dist/es/","http://127.0.0.1:5500/dist/es/","SEO","plugins","Document avoids plugins","binary","1"
"http://127.0.0.1:5500/dist/es/","http://127.0.0.1:5500/dist/es/","SEO","tap-targets","Tap targets are sized appropriately","binary","1"
"http://127.0.0.1:5500/dist/es/","http://127.0.0.1:5500/dist/es/","SEO","structured-data","Structured data is valid","manual","-1"requestedUrl,finalUrl,category,name,title,type,score
"http://127.0.0.1:5500/dist/de/","http://127.0.0.1:5500/dist/de/","Performance","performance-score","Overall Performance Category Score","numeric","1"
"http://127.0.0.1:5500/dist/de/","http://127.0.0.1:5500/dist/de/","Performance","first-contentful-paint","First Contentful Paint","numeric","1"
"http://127.0.0.1:5500/dist/de/","http://127.0.0.1:5500/dist/de/","Performance","speed-index","Speed Index","numeric","1"
"http://127.0.0.1:5500/dist/de/","http://127.0.0.1:5500/dist/de/","Performance","largest-contentful-paint","Largest Contentful Paint","numeric","1"
"http://127.0.0.1:5500/dist/de/","http://127.0.0.1:5500/dist/de/","Performance","interactive","Time to Interactive","numeric","1"
"http://127.0.0.1:5500/dist/de/","http://127.0.0.1:5500/dist/de/","Performance","total-blocking-time","Total Blocking Time","numeric","1"
"http://127.0.0.1:5500/dist/de/","http://127.0.0.1:5500/dist/de/","Performance","cumulative-layout-shift","Cumulative Layout Shift","numeric","1"
"http://127.0.0.1:5500/dist/de/","http://127.0.0.1:5500/dist/de/","Performance","max-potential-fid","Max Potential First Input Delay","numeric","1"
"http://127.0.0.1:5500/dist/de/","http://127.0.0.1:5500/dist/de/","Performance","first-meaningful-paint","First Meaningful Paint","numeric","1"
"http://127.0.0.1:5500/dist/de/","http://127.0.0.1:5500/dist/de/","Performance","render-blocking-resources","Eliminate render-blocking resources","numeric","0.89"
"http://127.0.0.1:5500/dist/de/","http://127.0.0.1:5500/dist/de/","Performance","uses-responsive-images","Properly size images","numeric","1"
"http://127.0.0.1:5500/dist/de/","http://127.0.0.1:5500/dist/de/","Performance","offscreen-images","Defer offscreen images","numeric","1"
"http://127.0.0.1:5500/dist/de/","http://127.0.0.1:5500/dist/de/","Performance","unminified-css","Minify CSS","numeric","1"
"http://127.0.0.1:5500/dist/de/","http://127.0.0.1:5500/dist/de/","Performance","unminified-javascript","Minify JavaScript","numeric","1"
"http://127.0.0.1:5500/dist/de/","http://127.0.0.1:5500/dist/de/","Performance","unused-css-rules","Reduce unused CSS","numeric","1"
"http://127.0.0.1:5500/dist/de/","http://127.0.0.1:5500/dist/de/","Performance","unused-javascript","Reduce unused JavaScript","numeric","1"
"http://127.0.0.1:5500/dist/de/","http://127.0.0.1:5500/dist/de/","Performance","uses-optimized-images","Efficiently encode images","numeric","1"
"http://127.0.0.1:5500/dist/de/","http://127.0.0.1:5500/dist/de/","Performance","modern-image-formats","Serve images in next-gen formats","numeric","1"
"http://127.0.0.1:5500/dist/de/","http://127.0.0.1:5500/dist/de/","Performance","uses-text-compression","Enable text compression","numeric","1"
"http://127.0.0.1:5500/dist/de/","http://127.0.0.1:5500/dist/de/","Performance","uses-rel-preconnect","Preconnect to required origins","numeric","1"
"http://127.0.0.1:5500/dist/de/","http://127.0.0.1:5500/dist/de/","Performance","server-response-time","Initial server response time was short","binary","1"
"http://127.0.0.1:5500/dist/de/","http://127.0.0.1:5500/dist/de/","Performance","redirects","Avoid multiple page redirects","numeric","1"
"http://127.0.0.1:5500/dist/de/","http://127.0.0.1:5500/dist/de/","Performance","uses-rel-preload","Preload key requests","notApplicable","-1"
"http://127.0.0.1:5500/dist/de/","http://127.0.0.1:5500/dist/de/","Performance","uses-http2","Use HTTP/2","numeric","1"
"http://127.0.0.1:5500/dist/de/","http://127.0.0.1:5500/dist/de/","Performance","efficient-animated-content","Use video formats for animated content","numeric","1"
"http://127.0.0.1:5500/dist/de/","http://127.0.0.1:5500/dist/de/","Performance","duplicated-javascript","Remove duplicate modules in JavaScript bundles","numeric","1"
"http://127.0.0.1:5500/dist/de/","http://127.0.0.1:5500/dist/de/","Performance","legacy-javascript","Avoid serving legacy JavaScript to modern browsers","numeric","1"
"http://127.0.0.1:5500/dist/de/","http://127.0.0.1:5500/dist/de/","Performance","preload-lcp-image","Preload Largest Contentful Paint image","notApplicable","-1"
"http://127.0.0.1:5500/dist/de/","http://127.0.0.1:5500/dist/de/","Performance","total-byte-weight","Avoids enormous network payloads","numeric","1"
"http://127.0.0.1:5500/dist/de/","http://127.0.0.1:5500/dist/de/","Performance","dom-size","Avoids an excessive DOM size","numeric","1"
"http://127.0.0.1:5500/dist/de/","http://127.0.0.1:5500/dist/de/","Performance","critical-request-chains","Avoid chaining critical requests","informative","-1"
"http://127.0.0.1:5500/dist/de/","http://127.0.0.1:5500/dist/de/","Performance","user-timings","User Timing marks and measures","notApplicable","-1"
"http://127.0.0.1:5500/dist/de/","http://127.0.0.1:5500/dist/de/","Performance","bootup-time","JavaScript execution time","numeric","1"
"http://127.0.0.1:5500/dist/de/","http://127.0.0.1:5500/dist/de/","Performance","mainthread-work-breakdown","Minimizes main-thread work","numeric","1"
"http://127.0.0.1:5500/dist/de/","http://127.0.0.1:5500/dist/de/","Performance","font-display","All text remains visible during webfont loads","binary","1"
"http://127.0.0.1:5500/dist/de/","http://127.0.0.1:5500/dist/de/","Performance","performance-budget","Performance budget","notApplicable","-1"
"http://127.0.0.1:5500/dist/de/","http://127.0.0.1:5500/dist/de/","Performance","timing-budget","Timing budget","notApplicable","-1"
"http://127.0.0.1:5500/dist/de/","http://127.0.0.1:5500/dist/de/","Performance","resource-summary","Keep request counts low and transfer sizes small","informative","-1"
"http://127.0.0.1:5500/dist/de/","http://127.0.0.1:5500/dist/de/","Performance","third-party-summary","Minimize third-party usage","notApplicable","-1"
"http://127.0.0.1:5500/dist/de/","http://127.0.0.1:5500/dist/de/","Performance","third-party-facades","Lazy load third-party resources with facades","notApplicable","-1"
"http://127.0.0.1:5500/dist/de/","http://127.0.0.1:5500/dist/de/","Performance","largest-contentful-paint-element","Largest Contentful Paint element","informative","-1"
"http://127.0.0.1:5500/dist/de/","http://127.0.0.1:5500/dist/de/","Performance","lcp-lazy-loaded","Largest Contentful Paint image was not lazily loaded","notApplicable","-1"
"http://127.0.0.1:5500/dist/de/","http://127.0.0.1:5500/dist/de/","Performance","layout-shift-elements","Avoid large layout shifts","notApplicable","-1"
"http://127.0.0.1:5500/dist/de/","http://127.0.0.1:5500/dist/de/","Performance","uses-passive-event-listeners","Uses passive listeners to improve scrolling performance","binary","1"
"http://127.0.0.1:5500/dist/de/","http://127.0.0.1:5500/dist/de/","Performance","no-document-write","Avoids `document.write()`","binary","1"
"http://127.0.0.1:5500/dist/de/","http://127.0.0.1:5500/dist/de/","Performance","long-tasks","Avoid long main-thread tasks","notApplicable","-1"
"http://127.0.0.1:5500/dist/de/","http://127.0.0.1:5500/dist/de/","Performance","non-composited-animations","Avoid non-composited animations","notApplicable","-1"
"http://127.0.0.1:5500/dist/de/","http://127.0.0.1:5500/dist/de/","Performance","viewport","Has a `<meta name=""viewport"">` tag with `width` or `initial-scale`","binary","1"
"http://127.0.0.1:5500/dist/de/","http://127.0.0.1:5500/dist/de/","Performance","network-requests","Network Requests","informative","-1"
"http://127.0.0.1:5500/dist/de/","http://127.0.0.1:5500/dist/de/","Performance","network-rtt","Network Round Trip Times","informative","-1"
"http://127.0.0.1:5500/dist/de/","http://127.0.0.1:5500/dist/de/","Performance","network-server-latency","Server Backend Latencies","informative","-1"
"http://127.0.0.1:5500/dist/de/","http://127.0.0.1:5500/dist/de/","Performance","main-thread-tasks","Tasks","informative","-1"
"http://127.0.0.1:5500/dist/de/","http://127.0.0.1:5500/dist/de/","Performance","diagnostics","Diagnostics","informative","-1"
"http://127.0.0.1:5500/dist/de/","http://127.0.0.1:5500/dist/de/","Performance","metrics","Metrics","informative","-1"
"http://127.0.0.1:5500/dist/de/","http://127.0.0.1:5500/dist/de/","Performance","screenshot-thumbnails","Screenshot Thumbnails","informative","-1"
"http://127.0.0.1:5500/dist/de/","http://127.0.0.1:5500/dist/de/","Performance","final-screenshot","Final Screenshot","informative","-1"
"http://127.0.0.1:5500/dist/de/","http://127.0.0.1:5500/dist/de/","Performance","script-treemap-data","Script Treemap Data","informative","-1"
"http://127.0.0.1:5500/dist/de/","http://127.0.0.1:5500/dist/de/","Accessibility","accessibility-score","Overall Accessibility Category Score","numeric","1"
"http://127.0.0.1:5500/dist/de/","http://127.0.0.1:5500/dist/de/","Accessibility","accesskeys","`[accesskey]` values are unique","notApplicable","-1"
"http://127.0.0.1:5500/dist/de/","http://127.0.0.1:5500/dist/de/","Accessibility","aria-allowed-attr","`[aria-*]` attributes match their roles","notApplicable","-1"
"http://127.0.0.1:5500/dist/de/","http://127.0.0.1:5500/dist/de/","Accessibility","aria-command-name","`button`, `link`, and `menuitem` elements have accessible names","notApplicable","-1"
"http://127.0.0.1:5500/dist/de/","http://127.0.0.1:5500/dist/de/","Accessibility","aria-hidden-body","`[aria-hidden=""true""]` is not present on the document `<body>`","binary","1"
"http://127.0.0.1:5500/dist/de/","http://127.0.0.1:5500/dist/de/","Accessibility","aria-hidden-focus","`[aria-hidden=""true""]` elements do not contain focusable descendents","notApplicable","-1"
"http://127.0.0.1:5500/dist/de/","http://127.0.0.1:5500/dist/de/","Accessibility","aria-input-field-name","ARIA input fields have accessible names","notApplicable","-1"
"http://127.0.0.1:5500/dist/de/","http://127.0.0.1:5500/dist/de/","Accessibility","aria-meter-name","ARIA `meter` elements have accessible names","notApplicable","-1"
"http://127.0.0.1:5500/dist/de/","http://127.0.0.1:5500/dist/de/","Accessibility","aria-progressbar-name","ARIA `progressbar` elements have accessible names","notApplicable","-1"
"http://127.0.0.1:5500/dist/de/","http://127.0.0.1:5500/dist/de/","Accessibility","aria-required-attr","`[role]`s have all required `[aria-*]` attributes","notApplicable","-1"
"http://127.0.0.1:5500/dist/de/","http://127.0.0.1:5500/dist/de/","Accessibility","aria-required-children","Elements with an ARIA `[role]` that require children to contain a specific `[role]` have all required children.","notApplicable","-1"
"http://127.0.0.1:5500/dist/de/","http://127.0.0.1:5500/dist/de/","Accessibility","aria-required-parent","`[role]`s are contained by their required parent element","notApplicable","-1"
"http://127.0.0.1:5500/dist/de/","http://127.0.0.1:5500/dist/de/","Accessibility","aria-roles","`[role]` values are valid","notApplicable","-1"
"http://127.0.0.1:5500/dist/de/","http://127.0.0.1:5500/dist/de/","Accessibility","aria-toggle-field-name","ARIA toggle fields have accessible names","notApplicable","-1"
"http://127.0.0.1:5500/dist/de/","http://127.0.0.1:5500/dist/de/","Accessibility","aria-tooltip-name","ARIA `tooltip` elements have accessible names","notApplicable","-1"
"http://127.0.0.1:5500/dist/de/","http://127.0.0.1:5500/dist/de/","Accessibility","aria-treeitem-name","ARIA `treeitem` elements have accessible names","notApplicable","-1"
"http://127.0.0.1:5500/dist/de/","http://127.0.0.1:5500/dist/de/","Accessibility","aria-valid-attr-value","`[aria-*]` attributes have valid values","notApplicable","-1"
"http://127.0.0.1:5500/dist/de/","http://127.0.0.1:5500/dist/de/","Accessibility","aria-valid-attr","`[aria-*]` attributes are valid and not misspelled","notApplicable","-1"
"http://127.0.0.1:5500/dist/de/","http://127.0.0.1:5500/dist/de/","Accessibility","button-name","Buttons have an accessible name","notApplicable","-1"
"http://127.0.0.1:5500/dist/de/","http://127.0.0.1:5500/dist/de/","Accessibility","bypass","The page contains a heading, skip link, or landmark region","notApplicable","-1"
"http://127.0.0.1:5500/dist/de/","http://127.0.0.1:5500/dist/de/","Accessibility","color-contrast","Background and foreground colors have a sufficient contrast ratio","binary","1"
"http://127.0.0.1:5500/dist/de/","http://127.0.0.1:5500/dist/de/","Accessibility","definition-list","`<dl>`'s contain only properly-ordered `<dt>` and `<dd>` groups, `<script>`, `<template>` or `<div>` elements.","notApplicable","-1"
"http://127.0.0.1:5500/dist/de/","http://127.0.0.1:5500/dist/de/","Accessibility","dlitem","Definition list items are wrapped in `<dl>` elements","notApplicable","-1"
"http://127.0.0.1:5500/dist/de/","http://127.0.0.1:5500/dist/de/","Accessibility","document-title","Document has a `<title>` element","binary","1"
"http://127.0.0.1:5500/dist/de/","http://127.0.0.1:5500/dist/de/","Accessibility","duplicate-id-active","`[id]` attributes on active, focusable elements are unique","notApplicable","-1"
"http://127.0.0.1:5500/dist/de/","http://127.0.0.1:5500/dist/de/","Accessibility","duplicate-id-aria","ARIA IDs are unique","notApplicable","-1"
"http://127.0.0.1:5500/dist/de/","http://127.0.0.1:5500/dist/de/","Accessibility","form-field-multiple-labels","No form fields have multiple labels","notApplicable","-1"
"http://127.0.0.1:5500/dist/de/","http://127.0.0.1:5500/dist/de/","Accessibility","frame-title","`<frame>` or `<iframe>` elements have a title","notApplicable","-1"
"http://127.0.0.1:5500/dist/de/","http://127.0.0.1:5500/dist/de/","Accessibility","heading-order","Heading elements appear in a sequentially-descending order","binary","1"
"http://127.0.0.1:5500/dist/de/","http://127.0.0.1:5500/dist/de/","Accessibility","html-has-lang","`<html>` element has a `[lang]` attribute","binary","1"
"http://127.0.0.1:5500/dist/de/","http://127.0.0.1:5500/dist/de/","Accessibility","html-lang-valid","`<html>` element has a valid value for its `[lang]` attribute","binary","1"
"http://127.0.0.1:5500/dist/de/","http://127.0.0.1:5500/dist/de/","Accessibility","image-alt","Image elements have `[alt]` attributes","notApplicable","-1"
"http://127.0.0.1:5500/dist/de/","http://127.0.0.1:5500/dist/de/","Accessibility","input-image-alt","`<input type=""image"">` elements have `[alt]` text","notApplicable","-1"
"http://127.0.0.1:5500/dist/de/","http://127.0.0.1:5500/dist/de/","Accessibility","label","Form elements have associated labels","notApplicable","-1"
"http://127.0.0.1:5500/dist/de/","http://127.0.0.1:5500/dist/de/","Accessibility","link-name","Links have a discernible name","notApplicable","-1"
"http://127.0.0.1:5500/dist/de/","http://127.0.0.1:5500/dist/de/","Accessibility","list","Lists contain only `<li>` elements and script supporting elements (`<script>` and `<template>`).","notApplicable","-1"
"http://127.0.0.1:5500/dist/de/","http://127.0.0.1:5500/dist/de/","Accessibility","listitem","List items (`<li>`) are contained within `<ul>` or `<ol>` parent elements","notApplicable","-1"
"http://127.0.0.1:5500/dist/de/","http://127.0.0.1:5500/dist/de/","Accessibility","meta-refresh","The document does not use `<meta http-equiv=""refresh"">`","notApplicable","-1"
"http://127.0.0.1:5500/dist/de/","http://127.0.0.1:5500/dist/de/","Accessibility","meta-viewport","`[user-scalable=""no""]` is not used in the `<meta name=""viewport"">` element and the `[maximum-scale]` attribute is not less than 5.","binary","1"
"http://127.0.0.1:5500/dist/de/","http://127.0.0.1:5500/dist/de/","Accessibility","object-alt","`<object>` elements have `[alt]` text","notApplicable","-1"
"http://127.0.0.1:5500/dist/de/","http://127.0.0.1:5500/dist/de/","Accessibility","tabindex","No element has a `[tabindex]` value greater than 0","notApplicable","-1"
"http://127.0.0.1:5500/dist/de/","http://127.0.0.1:5500/dist/de/","Accessibility","td-headers-attr","Cells in a `<table>` element that use the `[headers]` attribute refer to table cells within the same table.","notApplicable","-1"
"http://127.0.0.1:5500/dist/de/","http://127.0.0.1:5500/dist/de/","Accessibility","th-has-data-cells","`<th>` elements and elements with `[role=""columnheader""/""rowheader""]` have data cells they describe.","notApplicable","-1"
"http://127.0.0.1:5500/dist/de/","http://127.0.0.1:5500/dist/de/","Accessibility","valid-lang","`[lang]` attributes have a valid value","notApplicable","-1"
"http://127.0.0.1:5500/dist/de/","http://127.0.0.1:5500/dist/de/","Accessibility","video-caption","`<video>` elements contain a `<track>` element with `[kind=""captions""]`","notApplicable","-1"
"http://127.0.0.1:5500/dist/de/","http://127.0.0.1:5500/dist/de/","Accessibility","logical-tab-order","The page has a logical tab order","manual","-1"
"http://127.0.0.1:5500/dist/de/","http://127.0.0.1:5500/dist/de/","Accessibility","focusable-controls","Interactive controls are keyboard focusable","manual","-1"
"http://127.0.0.1:5500/dist/de/","http://127.0.0.1:5500/dist/de/","Accessibility","interactive-element-affordance","Interactive elements indicate their purpose and state","manual","-1"
"http://127.0.0.1:5500/dist/de/","http://127.0.0.1:5500/dist/de/","Accessibility","managed-focus","The user's focus is directed to new content added to the page","manual","-1"
"http://127.0.0.1:5500/dist/de/","http://127.0.0.1:5500/dist/de/","Accessibility","focus-traps","User focus is not accidentally trapped in a region","manual","-1"
"http://127.0.0.1:5500/dist/de/","http://127.0.0.1:5500/dist/de/","Accessibility","custom-controls-labels","Custom controls have associated labels","manual","-1"
"http://127.0.0.1:5500/dist/de/","http://127.0.0.1:5500/dist/de/","Accessibility","custom-controls-roles","Custom controls have ARIA roles","manual","-1"
"http://127.0.0.1:5500/dist/de/","http://127.0.0.1:5500/dist/de/","Accessibility","visual-order-follows-dom","Visual order on the page follows DOM order","manual","-1"
"http://127.0.0.1:5500/dist/de/","http://127.0.0.1:5500/dist/de/","Accessibility","offscreen-content-hidden","Offscreen content is hidden from assistive technology","manual","-1"
"http://127.0.0.1:5500/dist/de/","http://127.0.0.1:5500/dist/de/","Accessibility","use-landmarks","HTML5 landmark elements are used to improve navigation","manual","-1"
"http://127.0.0.1:5500/dist/de/","http://127.0.0.1:5500/dist/de/","Best Practices","best-practices-score","Overall Best Practices Category Score","numeric","1"
"http://127.0.0.1:5500/dist/de/","http://127.0.0.1:5500/dist/de/","Best Practices","is-on-https","Uses HTTPS","binary","1"
"http://127.0.0.1:5500/dist/de/","http://127.0.0.1:5500/dist/de/","Best Practices","external-anchors-use-rel-noopener","Links to cross-origin destinations are safe","binary","1"
"http://127.0.0.1:5500/dist/de/","http://127.0.0.1:5500/dist/de/","Best Practices","geolocation-on-start","Avoids requesting the geolocation permission on page load","binary","1"
"http://127.0.0.1:5500/dist/de/","http://127.0.0.1:5500/dist/de/","Best Practices","notification-on-start","Avoids requesting the notification permission on page load","binary","1"
"http://127.0.0.1:5500/dist/de/","http://127.0.0.1:5500/dist/de/","Best Practices","no-vulnerable-libraries","Avoids front-end JavaScript libraries with known security vulnerabilities","binary","1"
"http://127.0.0.1:5500/dist/de/","http://127.0.0.1:5500/dist/de/","Best Practices","csp-xss","Ensure CSP is effective against XSS attacks","informative","-1"
"http://127.0.0.1:5500/dist/de/","http://127.0.0.1:5500/dist/de/","Best Practices","password-inputs-can-be-pasted-into","Allows users to paste into password fields","binary","1"
"http://127.0.0.1:5500/dist/de/","http://127.0.0.1:5500/dist/de/","Best Practices","image-aspect-ratio","Displays images with correct aspect ratio","binary","1"
"http://127.0.0.1:5500/dist/de/","http://127.0.0.1:5500/dist/de/","Best Practices","image-size-responsive","Serves images with appropriate resolution","binary","1"
"http://127.0.0.1:5500/dist/de/","http://127.0.0.1:5500/dist/de/","Best Practices","preload-fonts","Fonts with `font-display: optional` are preloaded","notApplicable","-1"
"http://127.0.0.1:5500/dist/de/","http://127.0.0.1:5500/dist/de/","Best Practices","doctype","Page has the HTML doctype","binary","1"
"http://127.0.0.1:5500/dist/de/","http://127.0.0.1:5500/dist/de/","Best Practices","charset","Properly defines charset","binary","1"
"http://127.0.0.1:5500/dist/de/","http://127.0.0.1:5500/dist/de/","Best Practices","appcache-manifest","Avoids Application Cache","binary","1"
"http://127.0.0.1:5500/dist/de/","http://127.0.0.1:5500/dist/de/","Best Practices","js-libraries","Detected JavaScript libraries","notApplicable","-1"
"http://127.0.0.1:5500/dist/de/","http://127.0.0.1:5500/dist/de/","Best Practices","deprecations","Avoids deprecated APIs","binary","1"
"http://127.0.0.1:5500/dist/de/","http://127.0.0.1:5500/dist/de/","Best Practices","valid-source-maps","Page has valid source maps","binary","1"
"http://127.0.0.1:5500/dist/de/","http://127.0.0.1:5500/dist/de/","Best Practices","inspector-issues","No issues in the `Issues` panel in Chrome Devtools","binary","1"
"http://127.0.0.1:5500/dist/de/","http://127.0.0.1:5500/dist/de/","SEO","seo-score","Overall SEO Category Score","numeric","0.91"
"http://127.0.0.1:5500/dist/de/","http://127.0.0.1:5500/dist/de/","SEO","viewport","Has a `<meta name=""viewport"">` tag with `width` or `initial-scale`","binary","1"
"http://127.0.0.1:5500/dist/de/","http://127.0.0.1:5500/dist/de/","SEO","document-title","Document has a `<title>` element","binary","1"
"http://127.0.0.1:5500/dist/de/","http://127.0.0.1:5500/dist/de/","SEO","meta-description","Document does not have a meta description","binary","0"
"http://127.0.0.1:5500/dist/de/","http://127.0.0.1:5500/dist/de/","SEO","http-status-code","Page has successful HTTP status code","binary","1"
"http://127.0.0.1:5500/dist/de/","http://127.0.0.1:5500/dist/de/","SEO","link-text","Links have descriptive text","binary","1"
"http://127.0.0.1:5500/dist/de/","http://127.0.0.1:5500/dist/de/","SEO","crawlable-anchors","Links are crawlable","binary","1"
"http://127.0.0.1:5500/dist/de/","http://127.0.0.1:5500/dist/de/","SEO","is-crawlable","Page isn’t blocked from indexing","binary","1"
"http://127.0.0.1:5500/dist/de/","http://127.0.0.1:5500/dist/de/","SEO","robots-txt","robots.txt is valid","notApplicable","-1"
"http://127.0.0.1:5500/dist/de/","http://127.0.0.1:5500/dist/de/","SEO","image-alt","Image elements have `[alt]` attributes","notApplicable","-1"
"http://127.0.0.1:5500/dist/de/","http://127.0.0.1:5500/dist/de/","SEO","hreflang","Document has a valid `hreflang`","binary","1"
"http://127.0.0.1:5500/dist/de/","http://127.0.0.1:5500/dist/de/","SEO","canonical","Document has a valid `rel=canonical`","notApplicable","-1"
"http://127.0.0.1:5500/dist/de/","http://127.0.0.1:5500/dist/de/","SEO","font-size","Document uses legible font sizes","binary","1"
"http://127.0.0.1:5500/dist/de/","http://127.0.0.1:5500/dist/de/","SEO","plugins","Document avoids plugins","binary","1"
"http://127.0.0.1:5500/dist/de/","http://127.0.0.1:5500/dist/de/","SEO","tap-targets","Tap targets are sized appropriately","binary","1"
"http://127.0.0.1:5500/dist/de/","http://127.0.0.1:5500/dist/de/","SEO","structured-data","Structured data is valid","manual","-1"requestedUrl,finalUrl,category,name,title,type,score
"http://127.0.0.1:5500/dist/fr/","http://127.0.0.1:5500/dist/fr/","Performance","performance-score","Overall Performance Category Score","numeric","1"
"http://127.0.0.1:5500/dist/fr/","http://127.0.0.1:5500/dist/fr/","Performance","first-contentful-paint","First Contentful Paint","numeric","1"
"http://127.0.0.1:5500/dist/fr/","http://127.0.0.1:5500/dist/fr/","Performance","speed-index","Speed Index","numeric","1"
"http://127.0.0.1:5500/dist/fr/","http://127.0.0.1:5500/dist/fr/","Performance","largest-contentful-paint","Largest Contentful Paint","numeric","1"
"http://127.0.0.1:5500/dist/fr/","http://127.0.0.1:5500/dist/fr/","Performance","interactive","Time to Interactive","numeric","1"
"http://127.0.0.1:5500/dist/fr/","http://127.0.0.1:5500/dist/fr/","Performance","total-blocking-time","Total Blocking Time","numeric","1"
"http://127.0.0.1:5500/dist/fr/","http://127.0.0.1:5500/dist/fr/","Performance","cumulative-layout-shift","Cumulative Layout Shift","numeric","1"
"http://127.0.0.1:5500/dist/fr/","http://127.0.0.1:5500/dist/fr/","Performance","max-potential-fid","Max Potential First Input Delay","numeric","1"
"http://127.0.0.1:5500/dist/fr/","http://127.0.0.1:5500/dist/fr/","Performance","first-meaningful-paint","First Meaningful Paint","numeric","1"
"http://127.0.0.1:5500/dist/fr/","http://127.0.0.1:5500/dist/fr/","Performance","render-blocking-resources","Eliminate render-blocking resources","numeric","0.89"
"http://127.0.0.1:5500/dist/fr/","http://127.0.0.1:5500/dist/fr/","Performance","uses-responsive-images","Properly size images","numeric","1"
"http://127.0.0.1:5500/dist/fr/","http://127.0.0.1:5500/dist/fr/","Performance","offscreen-images","Defer offscreen images","numeric","1"
"http://127.0.0.1:5500/dist/fr/","http://127.0.0.1:5500/dist/fr/","Performance","unminified-css","Minify CSS","numeric","1"
"http://127.0.0.1:5500/dist/fr/","http://127.0.0.1:5500/dist/fr/","Performance","unminified-javascript","Minify JavaScript","numeric","1"
"http://127.0.0.1:5500/dist/fr/","http://127.0.0.1:5500/dist/fr/","Performance","unused-css-rules","Reduce unused CSS","numeric","1"
"http://127.0.0.1:5500/dist/fr/","http://127.0.0.1:5500/dist/fr/","Performance","unused-javascript","Reduce unused JavaScript","numeric","1"
"http://127.0.0.1:5500/dist/fr/","http://127.0.0.1:5500/dist/fr/","Performance","uses-optimized-images","Efficiently encode images","numeric","1"
"http://127.0.0.1:5500/dist/fr/","http://127.0.0.1:5500/dist/fr/","Performance","modern-image-formats","Serve images in next-gen formats","numeric","1"
"http://127.0.0.1:5500/dist/fr/","http://127.0.0.1:5500/dist/fr/","Performance","uses-text-compression","Enable text compression","numeric","1"
"http://127.0.0.1:5500/dist/fr/","http://127.0.0.1:5500/dist/fr/","Performance","uses-rel-preconnect","Preconnect to required origins","numeric","1"
"http://127.0.0.1:5500/dist/fr/","http://127.0.0.1:5500/dist/fr/","Performance","server-response-time","Initial server response time was short","binary","1"
"http://127.0.0.1:5500/dist/fr/","http://127.0.0.1:5500/dist/fr/","Performance","redirects","Avoid multiple page redirects","numeric","1"
"http://127.0.0.1:5500/dist/fr/","http://127.0.0.1:5500/dist/fr/","Performance","uses-rel-preload","Preload key requests","notApplicable","-1"
"http://127.0.0.1:5500/dist/fr/","http://127.0.0.1:5500/dist/fr/","Performance","uses-http2","Use HTTP/2","numeric","1"
"http://127.0.0.1:5500/dist/fr/","http://127.0.0.1:5500/dist/fr/","Performance","efficient-animated-content","Use video formats for animated content","numeric","1"
"http://127.0.0.1:5500/dist/fr/","http://127.0.0.1:5500/dist/fr/","Performance","duplicated-javascript","Remove duplicate modules in JavaScript bundles","numeric","1"
"http://127.0.0.1:5500/dist/fr/","http://127.0.0.1:5500/dist/fr/","Performance","legacy-javascript","Avoid serving legacy JavaScript to modern browsers","numeric","1"
"http://127.0.0.1:5500/dist/fr/","http://127.0.0.1:5500/dist/fr/","Performance","preload-lcp-image","Preload Largest Contentful Paint image","notApplicable","-1"
"http://127.0.0.1:5500/dist/fr/","http://127.0.0.1:5500/dist/fr/","Performance","total-byte-weight","Avoids enormous network payloads","numeric","1"
"http://127.0.0.1:5500/dist/fr/","http://127.0.0.1:5500/dist/fr/","Performance","dom-size","Avoids an excessive DOM size","numeric","1"
"http://127.0.0.1:5500/dist/fr/","http://127.0.0.1:5500/dist/fr/","Performance","critical-request-chains","Avoid chaining critical requests","informative","-1"
"http://127.0.0.1:5500/dist/fr/","http://127.0.0.1:5500/dist/fr/","Performance","user-timings","User Timing marks and measures","notApplicable","-1"
"http://127.0.0.1:5500/dist/fr/","http://127.0.0.1:5500/dist/fr/","Performance","bootup-time","JavaScript execution time","numeric","1"
"http://127.0.0.1:5500/dist/fr/","http://127.0.0.1:5500/dist/fr/","Performance","mainthread-work-breakdown","Minimizes main-thread work","numeric","1"
"http://127.0.0.1:5500/dist/fr/","http://127.0.0.1:5500/dist/fr/","Performance","font-display","All text remains visible during webfont loads","binary","1"
"http://127.0.0.1:5500/dist/fr/","http://127.0.0.1:5500/dist/fr/","Performance","performance-budget","Performance budget","notApplicable","-1"
"http://127.0.0.1:5500/dist/fr/","http://127.0.0.1:5500/dist/fr/","Performance","timing-budget","Timing budget","notApplicable","-1"
"http://127.0.0.1:5500/dist/fr/","http://127.0.0.1:5500/dist/fr/","Performance","resource-summary","Keep request counts low and transfer sizes small","informative","-1"
"http://127.0.0.1:5500/dist/fr/","http://127.0.0.1:5500/dist/fr/","Performance","third-party-summary","Minimize third-party usage","notApplicable","-1"
"http://127.0.0.1:5500/dist/fr/","http://127.0.0.1:5500/dist/fr/","Performance","third-party-facades","Lazy load third-party resources with facades","notApplicable","-1"
"http://127.0.0.1:5500/dist/fr/","http://127.0.0.1:5500/dist/fr/","Performance","largest-contentful-paint-element","Largest Contentful Paint element","informative","-1"
"http://127.0.0.1:5500/dist/fr/","http://127.0.0.1:5500/dist/fr/","Performance","lcp-lazy-loaded","Largest Contentful Paint image was not lazily loaded","notApplicable","-1"
"http://127.0.0.1:5500/dist/fr/","http://127.0.0.1:5500/dist/fr/","Performance","layout-shift-elements","Avoid large layout shifts","notApplicable","-1"
"http://127.0.0.1:5500/dist/fr/","http://127.0.0.1:5500/dist/fr/","Performance","uses-passive-event-listeners","Uses passive listeners to improve scrolling performance","binary","1"
"http://127.0.0.1:5500/dist/fr/","http://127.0.0.1:5500/dist/fr/","Performance","no-document-write","Avoids `document.write()`","binary","1"
"http://127.0.0.1:5500/dist/fr/","http://127.0.0.1:5500/dist/fr/","Performance","long-tasks","Avoid long main-thread tasks","notApplicable","-1"
"http://127.0.0.1:5500/dist/fr/","http://127.0.0.1:5500/dist/fr/","Performance","non-composited-animations","Avoid non-composited animations","notApplicable","-1"
"http://127.0.0.1:5500/dist/fr/","http://127.0.0.1:5500/dist/fr/","Performance","viewport","Has a `<meta name=""viewport"">` tag with `width` or `initial-scale`","binary","1"
"http://127.0.0.1:5500/dist/fr/","http://127.0.0.1:5500/dist/fr/","Performance","network-requests","Network Requests","informative","-1"
"http://127.0.0.1:5500/dist/fr/","http://127.0.0.1:5500/dist/fr/","Performance","network-rtt","Network Round Trip Times","informative","-1"
"http://127.0.0.1:5500/dist/fr/","http://127.0.0.1:5500/dist/fr/","Performance","network-server-latency","Server Backend Latencies","informative","-1"
"http://127.0.0.1:5500/dist/fr/","http://127.0.0.1:5500/dist/fr/","Performance","main-thread-tasks","Tasks","informative","-1"
"http://127.0.0.1:5500/dist/fr/","http://127.0.0.1:5500/dist/fr/","Performance","diagnostics","Diagnostics","informative","-1"
"http://127.0.0.1:5500/dist/fr/","http://127.0.0.1:5500/dist/fr/","Performance","metrics","Metrics","informative","-1"
"http://127.0.0.1:5500/dist/fr/","http://127.0.0.1:5500/dist/fr/","Performance","screenshot-thumbnails","Screenshot Thumbnails","informative","-1"
"http://127.0.0.1:5500/dist/fr/","http://127.0.0.1:5500/dist/fr/","Performance","final-screenshot","Final Screenshot","informative","-1"
"http://127.0.0.1:5500/dist/fr/","http://127.0.0.1:5500/dist/fr/","Performance","script-treemap-data","Script Treemap Data","informative","-1"
"http://127.0.0.1:5500/dist/fr/","http://127.0.0.1:5500/dist/fr/","Accessibility","accessibility-score","Overall Accessibility Category Score","numeric","1"
"http://127.0.0.1:5500/dist/fr/","http://127.0.0.1:5500/dist/fr/","Accessibility","accesskeys","`[accesskey]` values are unique","notApplicable","-1"
"http://127.0.0.1:5500/dist/fr/","http://127.0.0.1:5500/dist/fr/","Accessibility","aria-allowed-attr","`[aria-*]` attributes match their roles","notApplicable","-1"
"http://127.0.0.1:5500/dist/fr/","http://127.0.0.1:5500/dist/fr/","Accessibility","aria-command-name","`button`, `link`, and `menuitem` elements have accessible names","notApplicable","-1"
"http://127.0.0.1:5500/dist/fr/","http://127.0.0.1:5500/dist/fr/","Accessibility","aria-hidden-body","`[aria-hidden=""true""]` is not present on the document `<body>`","binary","1"
"http://127.0.0.1:5500/dist/fr/","http://127.0.0.1:5500/dist/fr/","Accessibility","aria-hidden-focus","`[aria-hidden=""true""]` elements do not contain focusable descendents","notApplicable","-1"
"http://127.0.0.1:5500/dist/fr/","http://127.0.0.1:5500/dist/fr/","Accessibility","aria-input-field-name","ARIA input fields have accessible names","notApplicable","-1"
"http://127.0.0.1:5500/dist/fr/","http://127.0.0.1:5500/dist/fr/","Accessibility","aria-meter-name","ARIA `meter` elements have accessible names","notApplicable","-1"
"http://127.0.0.1:5500/dist/fr/","http://127.0.0.1:5500/dist/fr/","Accessibility","aria-progressbar-name","ARIA `progressbar` elements have accessible names","notApplicable","-1"
"http://127.0.0.1:5500/dist/fr/","http://127.0.0.1:5500/dist/fr/","Accessibility","aria-required-attr","`[role]`s have all required `[aria-*]` attributes","notApplicable","-1"
"http://127.0.0.1:5500/dist/fr/","http://127.0.0.1:5500/dist/fr/","Accessibility","aria-required-children","Elements with an ARIA `[role]` that require children to contain a specific `[role]` have all required children.","notApplicable","-1"
"http://127.0.0.1:5500/dist/fr/","http://127.0.0.1:5500/dist/fr/","Accessibility","aria-required-parent","`[role]`s are contained by their required parent element","notApplicable","-1"
"http://127.0.0.1:5500/dist/fr/","http://127.0.0.1:5500/dist/fr/","Accessibility","aria-roles","`[role]` values are valid","notApplicable","-1"
"http://127.0.0.1:5500/dist/fr/","http://127.0.0.1:5500/dist/fr/","Accessibility","aria-toggle-field-name","ARIA toggle fields have accessible names","notApplicable","-1"
"http://127.0.0.1:5500/dist/fr/","http://127.0.0.1:5500/dist/fr/","Accessibility","aria-tooltip-name","ARIA `tooltip` elements have accessible names","notApplicable","-1"
"http://127.0.0.1:5500/dist/fr/","http://127.0.0.1:5500/dist/fr/","Accessibility","aria-treeitem-name","ARIA `treeitem` elements have accessible names","notApplicable","-1"
"http://127.0.0.1:5500/dist/fr/","http://127.0.0.1:5500/dist/fr/","Accessibility","aria-valid-attr-value","`[aria-*]` attributes have valid values","notApplicable","-1"
"http://127.0.0.1:5500/dist/fr/","http://127.0.0.1:5500/dist/fr/","Accessibility","aria-valid-attr","`[aria-*]` attributes are valid and not misspelled","notApplicable","-1"
"http://127.0.0.1:5500/dist/fr/","http://127.0.0.1:5500/dist/fr/","Accessibility","button-name","Buttons have an accessible name","notApplicable","-1"
"http://127.0.0.1:5500/dist/fr/","http://127.0.0.1:5500/dist/fr/","Accessibility","bypass","The page contains a heading, skip link, or landmark region","notApplicable","-1"
"http://127.0.0.1:5500/dist/fr/","http://127.0.0.1:5500/dist/fr/","Accessibility","color-contrast","Background and foreground colors have a sufficient contrast ratio","binary","1"
"http://127.0.0.1:5500/dist/fr/","http://127.0.0.1:5500/dist/fr/","Accessibility","definition-list","`<dl>`'s contain only properly-ordered `<dt>` and `<dd>` groups, `<script>`, `<template>` or `<div>` elements.","notApplicable","-1"
"http://127.0.0.1:5500/dist/fr/","http://127.0.0.1:5500/dist/fr/","Accessibility","dlitem","Definition list items are wrapped in `<dl>` elements","notApplicable","-1"
"http://127.0.0.1:5500/dist/fr/","http://127.0.0.1:5500/dist/fr/","Accessibility","document-title","Document has a `<title>` element","binary","1"
"http://127.0.0.1:5500/dist/fr/","http://127.0.0.1:5500/dist/fr/","Accessibility","duplicate-id-active","`[id]` attributes on active, focusable elements are unique","notApplicable","-1"
"http://127.0.0.1:5500/dist/fr/","http://127.0.0.1:5500/dist/fr/","Accessibility","duplicate-id-aria","ARIA IDs are unique","notApplicable","-1"
"http://127.0.0.1:5500/dist/fr/","http://127.0.0.1:5500/dist/fr/","Accessibility","form-field-multiple-labels","No form fields have multiple labels","notApplicable","-1"
"http://127.0.0.1:5500/dist/fr/","http://127.0.0.1:5500/dist/fr/","Accessibility","frame-title","`<frame>` or `<iframe>` elements have a title","notApplicable","-1"
"http://127.0.0.1:5500/dist/fr/","http://127.0.0.1:5500/dist/fr/","Accessibility","heading-order","Heading elements appear in a sequentially-descending order","binary","1"
"http://127.0.0.1:5500/dist/fr/","http://127.0.0.1:5500/dist/fr/","Accessibility","html-has-lang","`<html>` element has a `[lang]` attribute","binary","1"
"http://127.0.0.1:5500/dist/fr/","http://127.0.0.1:5500/dist/fr/","Accessibility","html-lang-valid","`<html>` element has a valid value for its `[lang]` attribute","binary","1"
"http://127.0.0.1:5500/dist/fr/","http://127.0.0.1:5500/dist/fr/","Accessibility","image-alt","Image elements have `[alt]` attributes","notApplicable","-1"
"http://127.0.0.1:5500/dist/fr/","http://127.0.0.1:5500/dist/fr/","Accessibility","input-image-alt","`<input type=""image"">` elements have `[alt]` text","notApplicable","-1"
"http://127.0.0.1:5500/dist/fr/","http://127.0.0.1:5500/dist/fr/","Accessibility","label","Form elements have associated labels","notApplicable","-1"
"http://127.0.0.1:5500/dist/fr/","http://127.0.0.1:5500/dist/fr/","Accessibility","link-name","Links have a discernible name","notApplicable","-1"
"http://127.0.0.1:5500/dist/fr/","http://127.0.0.1:5500/dist/fr/","Accessibility","list","Lists contain only `<li>` elements and script supporting elements (`<script>` and `<template>`).","notApplicable","-1"
"http://127.0.0.1:5500/dist/fr/","http://127.0.0.1:5500/dist/fr/","Accessibility","listitem","List items (`<li>`) are contained within `<ul>` or `<ol>` parent elements","notApplicable","-1"
"http://127.0.0.1:5500/dist/fr/","http://127.0.0.1:5500/dist/fr/","Accessibility","meta-refresh","The document does not use `<meta http-equiv=""refresh"">`","notApplicable","-1"
"http://127.0.0.1:5500/dist/fr/","http://127.0.0.1:5500/dist/fr/","Accessibility","meta-viewport","`[user-scalable=""no""]` is not used in the `<meta name=""viewport"">` element and the `[maximum-scale]` attribute is not less than 5.","binary","1"
"http://127.0.0.1:5500/dist/fr/","http://127.0.0.1:5500/dist/fr/","Accessibility","object-alt","`<object>` elements have `[alt]` text","notApplicable","-1"
"http://127.0.0.1:5500/dist/fr/","http://127.0.0.1:5500/dist/fr/","Accessibility","tabindex","No element has a `[tabindex]` value greater than 0","notApplicable","-1"
"http://127.0.0.1:5500/dist/fr/","http://127.0.0.1:5500/dist/fr/","Accessibility","td-headers-attr","Cells in a `<table>` element that use the `[headers]` attribute refer to table cells within the same table.","notApplicable","-1"
"http://127.0.0.1:5500/dist/fr/","http://127.0.0.1:5500/dist/fr/","Accessibility","th-has-data-cells","`<th>` elements and elements with `[role=""columnheader""/""rowheader""]` have data cells they describe.","notApplicable","-1"
"http://127.0.0.1:5500/dist/fr/","http://127.0.0.1:5500/dist/fr/","Accessibility","valid-lang","`[lang]` attributes have a valid value","notApplicable","-1"
"http://127.0.0.1:5500/dist/fr/","http://127.0.0.1:5500/dist/fr/","Accessibility","video-caption","`<video>` elements contain a `<track>` element with `[kind=""captions""]`","notApplicable","-1"
"http://127.0.0.1:5500/dist/fr/","http://127.0.0.1:5500/dist/fr/","Accessibility","logical-tab-order","The page has a logical tab order","manual","-1"
"http://127.0.0.1:5500/dist/fr/","http://127.0.0.1:5500/dist/fr/","Accessibility","focusable-controls","Interactive controls are keyboard focusable","manual","-1"
"http://127.0.0.1:5500/dist/fr/","http://127.0.0.1:5500/dist/fr/","Accessibility","interactive-element-affordance","Interactive elements indicate their purpose and state","manual","-1"
"http://127.0.0.1:5500/dist/fr/","http://127.0.0.1:5500/dist/fr/","Accessibility","managed-focus","The user's focus is directed to new content added to the page","manual","-1"
"http://127.0.0.1:5500/dist/fr/","http://127.0.0.1:5500/dist/fr/","Accessibility","focus-traps","User focus is not accidentally trapped in a region","manual","-1"
"http://127.0.0.1:5500/dist/fr/","http://127.0.0.1:5500/dist/fr/","Accessibility","custom-controls-labels","Custom controls have associated labels","manual","-1"
"http://127.0.0.1:5500/dist/fr/","http://127.0.0.1:5500/dist/fr/","Accessibility","custom-controls-roles","Custom controls have ARIA roles","manual","-1"
"http://127.0.0.1:5500/dist/fr/","http://127.0.0.1:5500/dist/fr/","Accessibility","visual-order-follows-dom","Visual order on the page follows DOM order","manual","-1"
"http://127.0.0.1:5500/dist/fr/","http://127.0.0.1:5500/dist/fr/","Accessibility","offscreen-content-hidden","Offscreen content is hidden from assistive technology","manual","-1"
"http://127.0.0.1:5500/dist/fr/","http://127.0.0.1:5500/dist/fr/","Accessibility","use-landmarks","HTML5 landmark elements are used to improve navigation","manual","-1"
"http://127.0.0.1:5500/dist/fr/","http://127.0.0.1:5500/dist/fr/","Best Practices","best-practices-score","Overall Best Practices Category Score","numeric","1"
"http://127.0.0.1:5500/dist/fr/","http://127.0.0.1:5500/dist/fr/","Best Practices","is-on-https","Uses HTTPS","binary","1"
"http://127.0.0.1:5500/dist/fr/","http://127.0.0.1:5500/dist/fr/","Best Practices","external-anchors-use-rel-noopener","Links to cross-origin destinations are safe","binary","1"
"http://127.0.0.1:5500/dist/fr/","http://127.0.0.1:5500/dist/fr/","Best Practices","geolocation-on-start","Avoids requesting the geolocation permission on page load","binary","1"
"http://127.0.0.1:5500/dist/fr/","http://127.0.0.1:5500/dist/fr/","Best Practices","notification-on-start","Avoids requesting the notification permission on page load","binary","1"
"http://127.0.0.1:5500/dist/fr/","http://127.0.0.1:5500/dist/fr/","Best Practices","no-vulnerable-libraries","Avoids front-end JavaScript libraries with known security vulnerabilities","binary","1"
"http://127.0.0.1:5500/dist/fr/","http://127.0.0.1:5500/dist/fr/","Best Practices","csp-xss","Ensure CSP is effective against XSS attacks","informative","-1"
"http://127.0.0.1:5500/dist/fr/","http://127.0.0.1:5500/dist/fr/","Best Practices","password-inputs-can-be-pasted-into","Allows users to paste into password fields","binary","1"
"http://127.0.0.1:5500/dist/fr/","http://127.0.0.1:5500/dist/fr/","Best Practices","image-aspect-ratio","Displays images with correct aspect ratio","binary","1"
"http://127.0.0.1:5500/dist/fr/","http://127.0.0.1:5500/dist/fr/","Best Practices","image-size-responsive","Serves images with appropriate resolution","binary","1"
"http://127.0.0.1:5500/dist/fr/","http://127.0.0.1:5500/dist/fr/","Best Practices","preload-fonts","Fonts with `font-display: optional` are preloaded","notApplicable","-1"
"http://127.0.0.1:5500/dist/fr/","http://127.0.0.1:5500/dist/fr/","Best Practices","doctype","Page has the HTML doctype","binary","1"
"http://127.0.0.1:5500/dist/fr/","http://127.0.0.1:5500/dist/fr/","Best Practices","charset","Properly defines charset","binary","1"
"http://127.0.0.1:5500/dist/fr/","http://127.0.0.1:5500/dist/fr/","Best Practices","appcache-manifest","Avoids Application Cache","binary","1"
"http://127.0.0.1:5500/dist/fr/","http://127.0.0.1:5500/dist/fr/","Best Practices","js-libraries","Detected JavaScript libraries","notApplicable","-1"
"http://127.0.0.1:5500/dist/fr/","http://127.0.0.1:5500/dist/fr/","Best Practices","deprecations","Avoids deprecated APIs","binary","1"
"http://127.0.0.1:5500/dist/fr/","http://127.0.0.1:5500/dist/fr/","Best Practices","valid-source-maps","Page has valid source maps","binary","1"
"http://127.0.0.1:5500/dist/fr/","http://127.0.0.1:5500/dist/fr/","Best Practices","inspector-issues","No issues in the `Issues` panel in Chrome Devtools","binary","1"
"http://127.0.0.1:5500/dist/fr/","http://127.0.0.1:5500/dist/fr/","SEO","seo-score","Overall SEO Category Score","numeric","0.91"
"http://127.0.0.1:5500/dist/fr/","http://127.0.0.1:5500/dist/fr/","SEO","viewport","Has a `<meta name=""viewport"">` tag with `width` or `initial-scale`","binary","1"
"http://127.0.0.1:5500/dist/fr/","http://127.0.0.1:5500/dist/fr/","SEO","document-title","Document has a `<title>` element","binary","1"
"http://127.0.0.1:5500/dist/fr/","http://127.0.0.1:5500/dist/fr/","SEO","meta-description","Document does not have a meta description","binary","0"
"http://127.0.0.1:5500/dist/fr/","http://127.0.0.1:5500/dist/fr/","SEO","http-status-code","Page has successful HTTP status code","binary","1"
"http://127.0.0.1:5500/dist/fr/","http://127.0.0.1:5500/dist/fr/","SEO","link-text","Links have descriptive text","binary","1"
"http://127.0.0.1:5500/dist/fr/","http://127.0.0.1:5500/dist/fr/","SEO","crawlable-anchors","Links are crawlable","binary","1"
"http://127.0.0.1:5500/dist/fr/","http://127.0.0.1:5500/dist/fr/","SEO","is-crawlable","Page isn’t blocked from indexing","binary","1"
"http://127.0.0.1:5500/dist/fr/","http://127.0.0.1:5500/dist/fr/","SEO","robots-txt","robots.txt is valid","notApplicable","-1"
"http://127.0.0.1:5500/dist/fr/","http://127.0.0.1:5500/dist/fr/","SEO","image-alt","Image elements have `[alt]` attributes","notApplicable","-1"
"http://127.0.0.1:5500/dist/fr/","http://127.0.0.1:5500/dist/fr/","SEO","hreflang","Document has a valid `hreflang`","binary","1"
"http://127.0.0.1:5500/dist/fr/","http://127.0.0.1:5500/dist/fr/","SEO","canonical","Document has a valid `rel=canonical`","notApplicable","-1"
"http://127.0.0.1:5500/dist/fr/","http://127.0.0.1:5500/dist/fr/","SEO","font-size","Document uses legible font sizes","binary","1"
"http://127.0.0.1:5500/dist/fr/","http://127.0.0.1:5500/dist/fr/","SEO","plugins","Document avoids plugins","binary","1"
"http://127.0.0.1:5500/dist/fr/","http://127.0.0.1:5500/dist/fr/","SEO","tap-targets","Tap targets are sized appropriately","binary","1"
"http://127.0.0.1:5500/dist/fr/","http://127.0.0.1:5500/dist/fr/","SEO","structured-data","Structured data is valid","manual","-1"